event,step,episodes,episode_steps,episode_score,death_reason,avg_score,avg_loss,best_score,replay_size,eval_score,eval_score_median,eval_score_max,eval_reward,eval_death_self,eval_death_wall,eval_death_timeout,best_eval
episode,4,1,4,0,wall,,,0,4,,,,,,,,
episode,11,2,7,0,wall,,,0,11,,,,,,,,
episode,26,3,15,1,wall,,,1,26,,,,,,,,
episode,36,4,10,0,wall,,,1,36,,,,,,,,
episode,42,5,6,0,wall,,,1,42,,,,,,,,
episode,49,6,7,0,wall,,,1,49,,,,,,,,
episode,58,7,9,0,wall,,,1,58,,,,,,,,
episode,69,8,11,0,wall,,,1,69,,,,,,,,
episode,78,9,9,0,wall,,,1,78,,,,,,,,
episode,81,10,3,0,wall,,,1,81,,,,,,,,
episode,93,11,12,0,wall,,,1,93,,,,,,,,
episode,102,12,9,0,wall,,,1,102,,,,,,,,
episode,104,13,2,0,wall,,,1,104,,,,,,,,
episode,109,14,5,0,wall,,,1,109,,,,,,,,
episode,113,15,4,0,wall,,,1,113,,,,,,,,
episode,122,16,9,0,wall,,,1,122,,,,,,,,
episode,127,17,5,0,wall,,,1,127,,,,,,,,
episode,131,18,4,0,wall,,,1,131,,,,,,,,
episode,134,19,3,0,wall,,,1,134,,,,,,,,
episode,141,20,7,0,wall,,,1,141,,,,,,,,
episode,150,21,9,0,wall,,,1,150,,,,,,,,
episode,153,22,3,0,wall,,,1,153,,,,,,,,
episode,160,23,7,0,wall,,,1,160,,,,,,,,
episode,169,24,9,0,wall,,,1,169,,,,,,,,
episode,172,25,3,0,wall,,,1,172,,,,,,,,
episode,177,26,5,0,wall,,,1,177,,,,,,,,
episode,185,27,8,0,wall,,,1,185,,,,,,,,
episode,189,28,4,0,wall,,,1,189,,,,,,,,
episode,192,29,3,0,wall,,,1,192,,,,,,,,
episode,195,30,3,0,wall,,,1,195,,,,,,,,
episode,202,31,7,0,wall,,,1,202,,,,,,,,
episode,211,32,9,0,wall,,,1,211,,,,,,,,
episode,219,33,8,0,wall,,,1,219,,,,,,,,
episode,221,34,2,0,wall,,,1,221,,,,,,,,
episode,227,35,6,0,wall,,,1,227,,,,,,,,
episode,231,36,4,0,wall,,,1,231,,,,,,,,
episode,240,37,9,0,wall,,,1,240,,,,,,,,
episode,248,38,8,0,wall,,,1,248,,,,,,,,
episode,250,39,2,0,wall,,,1,250,,,,,,,,
episode,257,40,7,0,wall,,,1,257,,,,,,,,
episode,266,41,9,0,wall,,,1,266,,,,,,,,
episode,273,42,7,0,wall,,,1,273,,,,,,,,
episode,282,43,9,0,wall,,,1,282,,,,,,,,
episode,288,44,6,0,wall,,,1,288,,,,,,,,
episode,290,45,2,0,wall,,,1,290,,,,,,,,
episode,293,46,3,0,wall,,,1,293,,,,,,,,
episode,297,47,4,0,wall,,,1,297,,,,,,,,
episode,306,48,9,0,wall,,,1,306,,,,,,,,
episode,322,49,16,0,wall,,,1,322,,,,,,,,
episode,327,50,5,0,wall,,,1,327,,,,,,,,
episode,329,51,2,0,wall,,,1,329,,,,,,,,
episode,335,52,6,0,wall,,,1,335,,,,,,,,
episode,342,53,7,0,wall,,,1,342,,,,,,,,
episode,351,54,9,0,wall,,,1,351,,,,,,,,
episode,360,55,9,0,wall,,,1,360,,,,,,,,
episode,369,56,9,0,wall,,,1,369,,,,,,,,
episode,378,57,9,0,wall,,,1,378,,,,,,,,
episode,387,58,9,0,wall,,,1,387,,,,,,,,
episode,395,59,8,0,wall,,,1,395,,,,,,,,
episode,401,60,6,0,wall,,,1,401,,,,,,,,
episode,410,61,9,0,wall,,,1,410,,,,,,,,
episode,419,62,9,0,wall,,,1,419,,,,,,,,
episode,422,63,3,0,wall,,,1,422,,,,,,,,
episode,427,64,5,0,wall,,,1,427,,,,,,,,
episode,430,65,3,0,wall,,,1,430,,,,,,,,
episode,436,66,6,0,wall,,,1,436,,,,,,,,
episode,439,67,3,0,wall,,,1,439,,,,,,,,
episode,450,68,11,0,wall,,,1,450,,,,,,,,
episode,454,69,4,0,wall,,,1,454,,,,,,,,
episode,457,70,3,0,wall,,,1,457,,,,,,,,
episode,459,71,2,0,wall,,,1,459,,,,,,,,
episode,464,72,5,0,wall,,,1,464,,,,,,,,
episode,467,73,3,0,wall,,,1,467,,,,,,,,
episode,471,74,4,0,wall,,,1,471,,,,,,,,
episode,475,75,4,0,wall,,,1,475,,,,,,,,
episode,483,76,8,0,wall,,,1,483,,,,,,,,
episode,489,77,6,0,wall,,,1,489,,,,,,,,
episode,495,78,6,0,wall,,,1,495,,,,,,,,
episode,500,79,5,0,wall,,,1,500,,,,,,,,
episode,506,80,6,0,wall,,,1,506,,,,,,,,
episode,510,81,4,0,wall,,,1,510,,,,,,,,
episode,512,82,2,0,wall,,,1,512,,,,,,,,
episode,517,83,5,0,wall,,,1,517,,,,,,,,
episode,526,84,9,0,wall,,,1,526,,,,,,,,
episode,535,85,9,0,wall,,,1,535,,,,,,,,
episode,541,86,6,0,wall,,,1,541,,,,,,,,
episode,550,87,9,0,wall,,,1,550,,,,,,,,
episode,553,88,3,0,wall,,,1,553,,,,,,,,
episode,558,89,5,0,wall,,,1,558,,,,,,,,
episode,567,90,9,0,wall,,,1,567,,,,,,,,
episode,573,91,6,0,wall,,,1,573,,,,,,,,
episode,575,92,2,0,wall,,,1,575,,,,,,,,
episode,579,93,4,0,wall,,,1,579,,,,,,,,
episode,587,94,8,0,wall,,,1,587,,,,,,,,
episode,596,95,9,0,wall,,,1,596,,,,,,,,
episode,602,96,6,1,wall,,,1,602,,,,,,,,
episode,604,97,2,0,wall,,,1,604,,,,,,,,
episode,611,98,7,0,wall,,,1,611,,,,,,,,
episode,615,99,4,0,wall,,,1,615,,,,,,,,
episode,621,100,6,1,wall,,,1,621,,,,,,,,
episode,625,101,4,0,wall,,,1,625,,,,,,,,
episode,629,102,4,0,wall,,,1,629,,,,,,,,
episode,637,103,8,0,wall,,,1,637,,,,,,,,
episode,646,104,9,0,wall,,,1,646,,,,,,,,
episode,648,105,2,0,wall,,,1,648,,,,,,,,
episode,650,106,2,0,wall,,,1,650,,,,,,,,
episode,658,107,8,0,wall,,,1,658,,,,,,,,
episode,664,108,6,0,wall,,,1,664,,,,,,,,
episode,667,109,3,0,wall,,,1,667,,,,,,,,
episode,675,110,8,0,wall,,,1,675,,,,,,,,
episode,691,111,16,1,wall,,,1,691,,,,,,,,
episode,699,112,8,0,wall,,,1,699,,,,,,,,
episode,708,113,9,0,wall,,,1,708,,,,,,,,
episode,712,114,4,0,wall,,,1,712,,,,,,,,
episode,716,115,4,0,wall,,,1,716,,,,,,,,
episode,721,116,5,0,wall,,,1,721,,,,,,,,
episode,729,117,8,0,wall,,,1,729,,,,,,,,
episode,736,118,7,1,wall,,,1,736,,,,,,,,
episode,744,119,8,0,wall,,,1,744,,,,,,,,
episode,746,120,2,0,wall,,,1,746,,,,,,,,
episode,754,121,8,0,wall,,,1,754,,,,,,,,
episode,762,122,8,0,wall,,,1,762,,,,,,,,
episode,769,123,7,0,wall,,,1,769,,,,,,,,
episode,778,124,9,0,wall,,,1,778,,,,,,,,
episode,785,125,7,0,wall,,,1,785,,,,,,,,
episode,790,126,5,0,wall,,,1,790,,,,,,,,
episode,795,127,5,1,wall,,,1,795,,,,,,,,
episode,802,128,7,0,wall,,,1,802,,,,,,,,
episode,807,129,5,0,wall,,,1,807,,,,,,,,
episode,813,130,6,0,wall,,,1,813,,,,,,,,
episode,821,131,8,0,wall,,,1,821,,,,,,,,
episode,824,132,3,0,wall,,,1,824,,,,,,,,
episode,831,133,7,0,wall,,,1,831,,,,,,,,
episode,840,134,9,0,wall,,,1,840,,,,,,,,
episode,844,135,4,0,wall,,,1,844,,,,,,,,
episode,851,136,7,0,wall,,,1,851,,,,,,,,
episode,859,137,8,0,wall,,,1,859,,,,,,,,
episode,868,138,9,0,wall,,,1,868,,,,,,,,
episode,876,139,8,0,wall,,,1,876,,,,,,,,
episode,884,140,8,0,wall,,,1,884,,,,,,,,
episode,886,141,2,0,wall,,,1,886,,,,,,,,
episode,895,142,9,0,wall,,,1,895,,,,,,,,
episode,904,143,9,0,wall,,,1,904,,,,,,,,
episode,913,144,9,0,wall,,,1,913,,,,,,,,
episode,918,145,5,0,wall,,,1,918,,,,,,,,
episode,920,146,2,0,wall,,,1,920,,,,,,,,
episode,938,147,18,0,wall,,,1,938,,,,,,,,
episode,947,148,9,0,wall,,,1,947,,,,,,,,
episode,949,149,2,0,wall,,,1,949,,,,,,,,
episode,955,150,6,0,wall,,,1,955,,,,,,,,
episode,963,151,8,0,wall,,,1,963,,,,,,,,
episode,972,152,9,0,wall,,,1,972,,,,,,,,
episode,977,153,5,0,wall,,,1,977,,,,,,,,
episode,990,154,13,0,wall,,,1,990,,,,,,,,
episode,998,155,8,0,wall,,,1,998,,,,,,,,
episode,1000,156,2,0,wall,,,1,1000,,,,,,,,
episode,1008,157,8,0,wall,,,1,1008,,,,,,,,
episode,1016,158,8,0,wall,,,1,1016,,,,,,,,
episode,1023,159,7,0,wall,,,1,1023,,,,,,,,
episode,1032,160,9,0,wall,,,1,1032,,,,,,,,
episode,1034,161,2,0,wall,,,1,1034,,,,,,,,
episode,1043,162,9,0,wall,,,1,1043,,,,,,,,
episode,1050,163,7,0,wall,,,1,1050,,,,,,,,
episode,1064,164,14,1,wall,,,1,1064,,,,,,,,
episode,1073,165,9,0,wall,,,1,1073,,,,,,,,
episode,1082,166,9,0,wall,,,1,1082,,,,,,,,
episode,1084,167,2,0,wall,,,1,1084,,,,,,,,
episode,1087,168,3,0,wall,,,1,1087,,,,,,,,
episode,1090,169,3,0,wall,,,1,1090,,,,,,,,
episode,1099,170,9,0,wall,,,1,1099,,,,,,,,
episode,1101,171,2,0,wall,,,1,1101,,,,,,,,
episode,1104,172,3,0,wall,,,1,1104,,,,,,,,
episode,1112,173,8,0,wall,,,1,1112,,,,,,,,
episode,1116,174,4,0,wall,,,1,1116,,,,,,,,
episode,1125,175,9,0,wall,,,1,1125,,,,,,,,
episode,1127,176,2,0,wall,,,1,1127,,,,,,,,
episode,1133,177,6,0,wall,,,1,1133,,,,,,,,
episode,1142,178,9,0,wall,,,1,1142,,,,,,,,
episode,1151,179,9,0,wall,,,1,1151,,,,,,,,
episode,1160,180,9,0,wall,,,1,1160,,,,,,,,
episode,1168,181,8,0,wall,,,1,1168,,,,,,,,
episode,1170,182,2,0,wall,,,1,1170,,,,,,,,
episode,1175,183,5,0,wall,,,1,1175,,,,,,,,
episode,1184,184,9,0,wall,,,1,1184,,,,,,,,
episode,1193,185,9,1,wall,,,1,1193,,,,,,,,
episode,1195,186,2,0,wall,,,1,1195,,,,,,,,
episode,1204,187,9,1,wall,,,1,1204,,,,,,,,
episode,1208,188,4,0,wall,,,1,1208,,,,,,,,
episode,1210,189,2,0,wall,,,1,1210,,,,,,,,
episode,1219,190,9,0,wall,,,1,1219,,,,,,,,
episode,1228,191,9,0,wall,,,1,1228,,,,,,,,
episode,1237,192,9,0,wall,,,1,1237,,,,,,,,
episode,1244,193,7,0,wall,,,1,1244,,,,,,,,
episode,1251,194,7,0,wall,,,1,1251,,,,,,,,
episode,1260,195,9,0,wall,,,1,1260,,,,,,,,
episode,1263,196,3,0,wall,,,1,1263,,,,,,,,
episode,1266,197,3,0,wall,,,1,1266,,,,,,,,
episode,1283,198,17,0,wall,,,1,1283,,,,,,,,
episode,1289,199,6,0,wall,,,1,1289,,,,,,,,
episode,1296,200,7,0,wall,,,1,1296,,,,,,,,
episode,1299,201,3,0,wall,,,1,1299,,,,,,,,
episode,1308,202,9,0,wall,,,1,1308,,,,,,,,
episode,1311,203,3,0,wall,,,1,1311,,,,,,,,
episode,1313,204,2,0,wall,,,1,1313,,,,,,,,
episode,1322,205,9,0,wall,,,1,1322,,,,,,,,
episode,1331,206,9,0,wall,,,1,1331,,,,,,,,
episode,1333,207,2,0,wall,,,1,1333,,,,,,,,
episode,1342,208,9,0,wall,,,1,1342,,,,,,,,
episode,1345,209,3,0,wall,,,1,1345,,,,,,,,
episode,1351,210,6,0,wall,,,1,1351,,,,,,,,
episode,1354,211,3,0,wall,,,1,1354,,,,,,,,
episode,1363,212,9,0,wall,,,1,1363,,,,,,,,
episode,1367,213,4,0,wall,,,1,1367,,,,,,,,
episode,1376,214,9,0,wall,,,1,1376,,,,,,,,
episode,1379,215,3,0,wall,,,1,1379,,,,,,,,
episode,1383,216,4,0,wall,,,1,1383,,,,,,,,
episode,1389,217,6,0,wall,,,1,1389,,,,,,,,
episode,1392,218,3,0,wall,,,1,1392,,,,,,,,
episode,1400,219,8,1,wall,,,1,1400,,,,,,,,
episode,1409,220,9,0,wall,,,1,1409,,,,,,,,
episode,1413,221,4,0,wall,,,1,1413,,,,,,,,
episode,1416,222,3,0,wall,,,1,1416,,,,,,,,
episode,1421,223,5,0,wall,,,1,1421,,,,,,,,
episode,1430,224,9,0,wall,,,1,1430,,,,,,,,
episode,1433,225,3,0,wall,,,1,1433,,,,,,,,
episode,1437,226,4,0,wall,,,1,1437,,,,,,,,
episode,1442,227,5,0,wall,,,1,1442,,,,,,,,
episode,1451,228,9,1,wall,,,1,1451,,,,,,,,
episode,1453,229,2,0,wall,,,1,1453,,,,,,,,
episode,1462,230,9,0,wall,,,1,1462,,,,,,,,
episode,1468,231,6,0,wall,,,1,1468,,,,,,,,
episode,1473,232,5,0,wall,,,1,1473,,,,,,,,
episode,1481,233,8,0,wall,,,1,1481,,,,,,,,
episode,1490,234,9,0,wall,,,1,1490,,,,,,,,
episode,1493,235,3,0,wall,,,1,1493,,,,,,,,
episode,1501,236,8,0,wall,,,1,1501,,,,,,,,
episode,1505,237,4,0,wall,,,1,1505,,,,,,,,
episode,1513,238,8,0,wall,,,1,1513,,,,,,,,
episode,1518,239,5,0,wall,,,1,1518,,,,,,,,
episode,1522,240,4,0,wall,,,1,1522,,,,,,,,
episode,1525,241,3,0,wall,,,1,1525,,,,,,,,
episode,1528,242,3,0,wall,,,1,1528,,,,,,,,
episode,1530,243,2,0,wall,,,1,1530,,,,,,,,
episode,1539,244,9,1,wall,,,1,1539,,,,,,,,
episode,1548,245,9,0,wall,,,1,1548,,,,,,,,
episode,1564,246,16,1,wall,,,1,1564,,,,,,,,
episode,1571,247,7,0,wall,,,1,1571,,,,,,,,
episode,1578,248,7,0,wall,,,1,1578,,,,,,,,
episode,1585,249,7,0,wall,,,1,1585,,,,,,,,
episode,1590,250,5,0,wall,,,1,1590,,,,,,,,
episode,1594,251,4,0,wall,,,1,1594,,,,,,,,
episode,1601,252,7,0,wall,,,1,1601,,,,,,,,
episode,1604,253,3,0,wall,,,1,1604,,,,,,,,
episode,1610,254,6,0,wall,,,1,1610,,,,,,,,
episode,1615,255,5,0,wall,,,1,1615,,,,,,,,
episode,1620,256,5,0,wall,,,1,1620,,,,,,,,
episode,1625,257,5,0,wall,,,1,1625,,,,,,,,
episode,1634,258,9,0,wall,,,1,1634,,,,,,,,
episode,1636,259,2,0,wall,,,1,1636,,,,,,,,
episode,1640,260,4,0,wall,,,1,1640,,,,,,,,
episode,1649,261,9,0,wall,,,1,1649,,,,,,,,
episode,1655,262,6,1,wall,,,1,1655,,,,,,,,
episode,1664,263,9,0,wall,,,1,1664,,,,,,,,
episode,1670,264,6,0,wall,,,1,1670,,,,,,,,
episode,1676,265,6,0,wall,,,1,1676,,,,,,,,
episode,1680,266,4,0,wall,,,1,1680,,,,,,,,
episode,1683,267,3,0,wall,,,1,1683,,,,,,,,
episode,1685,268,2,0,wall,,,1,1685,,,,,,,,
episode,1690,269,5,0,wall,,,1,1690,,,,,,,,
episode,1697,270,7,0,wall,,,1,1697,,,,,,,,
episode,1699,271,2,1,wall,,,1,1699,,,,,,,,
episode,1704,272,5,0,wall,,,1,1704,,,,,,,,
episode,1708,273,4,0,wall,,,1,1708,,,,,,,,
episode,1716,274,8,0,wall,,,1,1716,,,,,,,,
episode,1725,275,9,0,wall,,,1,1725,,,,,,,,
episode,1734,276,9,0,wall,,,1,1734,,,,,,,,
episode,1736,277,2,0,wall,,,1,1736,,,,,,,,
episode,1745,278,9,0,wall,,,1,1745,,,,,,,,
episode,1753,279,8,0,wall,,,1,1753,,,,,,,,
episode,1765,280,12,0,wall,,,1,1765,,,,,,,,
episode,1772,281,7,0,wall,,,1,1772,,,,,,,,
episode,1778,282,6,0,wall,,,1,1778,,,,,,,,
episode,1788,283,10,0,wall,,,1,1788,,,,,,,,
episode,1790,284,2,0,wall,,,1,1790,,,,,,,,
episode,1792,285,2,0,wall,,,1,1792,,,,,,,,
episode,1801,286,9,0,wall,,,1,1801,,,,,,,,
episode,1810,287,9,0,wall,,,1,1810,,,,,,,,
episode,1813,288,3,0,wall,,,1,1813,,,,,,,,
episode,1821,289,8,0,wall,,,1,1821,,,,,,,,
episode,1827,290,6,0,wall,,,1,1827,,,,,,,,
episode,1831,291,4,0,wall,,,1,1831,,,,,,,,
episode,1840,292,9,0,wall,,,1,1840,,,,,,,,
episode,1848,293,8,0,wall,,,1,1848,,,,,,,,
episode,1851,294,3,0,wall,,,1,1851,,,,,,,,
episode,1860,295,9,0,wall,,,1,1860,,,,,,,,
episode,1862,296,2,0,wall,,,1,1862,,,,,,,,
episode,1870,297,8,0,wall,,,1,1870,,,,,,,,
episode,1878,298,8,0,wall,,,1,1878,,,,,,,,
episode,1884,299,6,0,wall,,,1,1884,,,,,,,,
episode,1888,300,4,0,wall,,,1,1888,,,,,,,,
episode,1892,301,4,0,wall,,,1,1892,,,,,,,,
episode,1898,302,6,0,wall,,,1,1898,,,,,,,,
episode,1902,303,4,0,wall,,,1,1902,,,,,,,,
episode,1911,304,9,0,wall,,,1,1911,,,,,,,,
episode,1914,305,3,0,wall,,,1,1914,,,,,,,,
episode,1916,306,2,0,wall,,,1,1916,,,,,,,,
episode,1918,307,2,0,wall,,,1,1918,,,,,,,,
episode,1922,308,4,0,wall,,,1,1922,,,,,,,,
episode,1928,309,6,0,wall,,,1,1928,,,,,,,,
episode,1931,310,3,0,wall,,,1,1931,,,,,,,,
episode,1940,311,9,0,wall,,,1,1940,,,,,,,,
episode,1945,312,5,0,wall,,,1,1945,,,,,,,,
episode,1952,313,7,0,wall,,,1,1952,,,,,,,,
episode,1955,314,3,0,wall,,,1,1955,,,,,,,,
episode,1960,315,5,0,wall,,,1,1960,,,,,,,,
episode,1969,316,9,0,wall,,,1,1969,,,,,,,,
episode,1978,317,9,0,wall,,,1,1978,,,,,,,,
episode,1985,318,7,0,wall,,,1,1985,,,,,,,,
episode,1994,319,9,0,wall,,,1,1994,,,,,,,,
episode,1997,320,3,0,wall,,,1,1997,,,,,,,,
train,2000,320,,,,0.05,0.0,1,2000,,,,,,,,
episode,2003,321,6,0,wall,,,1,2003,,,,,,,,
episode,2010,322,7,0,wall,,,1,2010,,,,,,,,
episode,2018,323,8,0,wall,,,1,2018,,,,,,,,
episode,2020,324,2,0,wall,,,1,2020,,,,,,,,
episode,2027,325,7,0,wall,,,1,2027,,,,,,,,
episode,2029,326,2,0,wall,,,1,2029,,,,,,,,
episode,2033,327,4,0,wall,,,1,2033,,,,,,,,
episode,2043,328,10,0,wall,,,1,2043,,,,,,,,
episode,2050,329,7,0,wall,,,1,2050,,,,,,,,
episode,2055,330,5,1,wall,,,1,2055,,,,,,,,
episode,2064,331,9,1,wall,,,1,2064,,,,,,,,
episode,2071,332,7,0,wall,,,1,2071,,,,,,,,
episode,2080,333,9,1,wall,,,1,2080,,,,,,,,
episode,2084,334,4,0,wall,,,1,2084,,,,,,,,
episode,2087,335,3,0,wall,,,1,2087,,,,,,,,
episode,2095,336,8,0,wall,,,1,2095,,,,,,,,
episode,2100,337,5,0,wall,,,1,2100,,,,,,,,
episode,2109,338,9,0,wall,,,1,2109,,,,,,,,
episode,2115,339,6,0,wall,,,1,2115,,,,,,,,
episode,2120,340,5,0,wall,,,1,2120,,,,,,,,
episode,2129,341,9,0,wall,,,1,2129,,,,,,,,
episode,2137,342,8,0,wall,,,1,2137,,,,,,,,
episode,2143,343,6,0,wall,,,1,2143,,,,,,,,
episode,2147,344,4,0,wall,,,1,2147,,,,,,,,
episode,2156,345,9,0,wall,,,1,2156,,,,,,,,
episode,2165,346,9,0,wall,,,1,2165,,,,,,,,
episode,2170,347,5,0,wall,,,1,2170,,,,,,,,
episode,2178,348,8,0,wall,,,1,2178,,,,,,,,
episode,2183,349,5,0,wall,,,1,2183,,,,,,,,
episode,2185,350,2,0,wall,,,1,2185,,,,,,,,
episode,2193,351,8,0,wall,,,1,2193,,,,,,,,
episode,2202,352,9,0,wall,,,1,2202,,,,,,,,
episode,2206,353,4,0,wall,,,1,2206,,,,,,,,
episode,2211,354,5,0,wall,,,1,2211,,,,,,,,
episode,2213,355,2,0,wall,,,1,2213,,,,,,,,
episode,2217,356,4,1,wall,,,1,2217,,,,,,,,
episode,2223,357,6,0,wall,,,1,2223,,,,,,,,
episode,2229,358,6,0,wall,,,1,2229,,,,,,,,
episode,2238,359,9,0,wall,,,1,2238,,,,,,,,
episode,2247,360,9,0,wall,,,1,2247,,,,,,,,
episode,2250,361,3,0,wall,,,1,2250,,,,,,,,
episode,2257,362,7,0,wall,,,1,2257,,,,,,,,
episode,2261,363,4,0,wall,,,1,2261,,,,,,,,
episode,2266,364,5,0,wall,,,1,2266,,,,,,,,
episode,2273,365,7,0,wall,,,1,2273,,,,,,,,
episode,2281,366,8,0,wall,,,1,2281,,,,,,,,
episode,2287,367,6,0,wall,,,1,2287,,,,,,,,
episode,2289,368,2,0,wall,,,1,2289,,,,,,,,
episode,2296,369,7,0,wall,,,1,2296,,,,,,,,
episode,2298,370,2,0,wall,,,1,2298,,,,,,,,
episode,2302,371,4,0,wall,,,1,2302,,,,,,,,
episode,2308,372,6,0,wall,,,1,2308,,,,,,,,
episode,2313,373,5,0,wall,,,1,2313,,,,,,,,
episode,2317,374,4,0,wall,,,1,2317,,,,,,,,
episode,2319,375,2,0,wall,,,1,2319,,,,,,,,
episode,2328,376,9,0,wall,,,1,2328,,,,,,,,
episode,2337,377,9,0,wall,,,1,2337,,,,,,,,
episode,2346,378,9,0,wall,,,1,2346,,,,,,,,
episode,2357,379,11,0,wall,,,1,2357,,,,,,,,
episode,2363,380,6,0,wall,,,1,2363,,,,,,,,
episode,2366,381,3,0,wall,,,1,2366,,,,,,,,
episode,2368,382,2,0,wall,,,1,2368,,,,,,,,
episode,2370,383,2,0,wall,,,1,2370,,,,,,,,
episode,2372,384,2,0,wall,,,1,2372,,,,,,,,
episode,2379,385,7,0,wall,,,1,2379,,,,,,,,
episode,2384,386,5,0,wall,,,1,2384,,,,,,,,
episode,2386,387,2,0,wall,,,1,2386,,,,,,,,
episode,2388,388,2,0,wall,,,1,2388,,,,,,,,
episode,2396,389,8,0,wall,,,1,2396,,,,,,,,
episode,2398,390,2,0,wall,,,1,2398,,,,,,,,
episode,2406,391,8,0,wall,,,1,2406,,,,,,,,
episode,2409,392,3,0,wall,,,1,2409,,,,,,,,
episode,2412,393,3,0,wall,,,1,2412,,,,,,,,
episode,2417,394,5,0,wall,,,1,2417,,,,,,,,
episode,2426,395,9,0,wall,,,1,2426,,,,,,,,
episode,2433,396,7,0,wall,,,1,2433,,,,,,,,
episode,2437,397,4,0,wall,,,1,2437,,,,,,,,
episode,2446,398,9,0,wall,,,1,2446,,,,,,,,
episode,2452,399,6,0,wall,,,1,2452,,,,,,,,
episode,2456,400,4,0,wall,,,1,2456,,,,,,,,
episode,2465,401,9,0,wall,,,1,2465,,,,,,,,
episode,2472,402,7,0,wall,,,1,2472,,,,,,,,
episode,2481,403,9,0,wall,,,1,2481,,,,,,,,
episode,2490,404,9,0,wall,,,1,2490,,,,,,,,
episode,2493,405,3,0,wall,,,1,2493,,,,,,,,
episode,2499,406,6,0,wall,,,1,2499,,,,,,,,
episode,2511,407,12,0,wall,,,1,2511,,,,,,,,
episode,2524,408,13,0,wall,,,1,2524,,,,,,,,
episode,2530,409,6,0,wall,,,1,2530,,,,,,,,
episode,2534,410,4,0,wall,,,1,2534,,,,,,,,
episode,2543,411,9,1,wall,,,1,2543,,,,,,,,
episode,2548,412,5,0,wall,,,1,2548,,,,,,,,
episode,2557,413,9,0,wall,,,1,2557,,,,,,,,
episode,2559,414,2,0,wall,,,1,2559,,,,,,,,
episode,2567,415,8,0,wall,,,1,2567,,,,,,,,
episode,2575,416,8,0,wall,,,1,2575,,,,,,,,
episode,2584,417,9,1,wall,,,1,2584,,,,,,,,
episode,2590,418,6,0,wall,,,1,2590,,,,,,,,
episode,2594,419,4,0,wall,,,1,2594,,,,,,,,
episode,2602,420,8,0,wall,,,1,2602,,,,,,,,
episode,2605,421,3,0,wall,,,1,2605,,,,,,,,
episode,2614,422,9,0,wall,,,1,2614,,,,,,,,
episode,2620,423,6,0,wall,,,1,2620,,,,,,,,
episode,2629,424,9,0,wall,,,1,2629,,,,,,,,
episode,2635,425,6,0,wall,,,1,2635,,,,,,,,
episode,2640,426,5,0,wall,,,1,2640,,,,,,,,
episode,2644,427,4,0,wall,,,1,2644,,,,,,,,
episode,2653,428,9,1,wall,,,1,2653,,,,,,,,
episode,2658,429,5,0,wall,,,1,2658,,,,,,,,
episode,2662,430,4,0,wall,,,1,2662,,,,,,,,
episode,2670,431,8,0,wall,,,1,2670,,,,,,,,
episode,2674,432,4,0,wall,,,1,2674,,,,,,,,
episode,2678,433,4,0,wall,,,1,2678,,,,,,,,
episode,2681,434,3,0,wall,,,1,2681,,,,,,,,
episode,2687,435,6,1,wall,,,1,2687,,,,,,,,
episode,2690,436,3,0,wall,,,1,2690,,,,,,,,
episode,2696,437,6,0,wall,,,1,2696,,,,,,,,
episode,2702,438,6,0,wall,,,1,2702,,,,,,,,
episode,2704,439,2,0,wall,,,1,2704,,,,,,,,
episode,2706,440,2,0,wall,,,1,2706,,,,,,,,
episode,2716,441,10,0,wall,,,1,2716,,,,,,,,
episode,2724,442,8,0,wall,,,1,2724,,,,,,,,
episode,2732,443,8,0,wall,,,1,2732,,,,,,,,
episode,2741,444,9,0,wall,,,1,2741,,,,,,,,
episode,2746,445,5,0,wall,,,1,2746,,,,,,,,
episode,2750,446,4,0,wall,,,1,2750,,,,,,,,
episode,2759,447,9,0,wall,,,1,2759,,,,,,,,
episode,2762,448,3,1,wall,,,1,2762,,,,,,,,
episode,2766,449,4,0,wall,,,1,2766,,,,,,,,
episode,2772,450,6,0,wall,,,1,2772,,,,,,,,
episode,2778,451,6,0,wall,,,1,2778,,,,,,,,
episode,2783,452,5,0,wall,,,1,2783,,,,,,,,
episode,2789,453,6,0,wall,,,1,2789,,,,,,,,
episode,2793,454,4,0,wall,,,1,2793,,,,,,,,
episode,2796,455,3,0,wall,,,1,2796,,,,,,,,
episode,2800,456,4,0,wall,,,1,2800,,,,,,,,
episode,2803,457,3,0,wall,,,1,2803,,,,,,,,
episode,2810,458,7,0,wall,,,1,2810,,,,,,,,
episode,2813,459,3,0,wall,,,1,2813,,,,,,,,
episode,2820,460,7,0,wall,,,1,2820,,,,,,,,
episode,2829,461,9,0,wall,,,1,2829,,,,,,,,
episode,2838,462,9,0,wall,,,1,2838,,,,,,,,
episode,2847,463,9,0,wall,,,1,2847,,,,,,,,
episode,2856,464,9,0,wall,,,1,2856,,,,,,,,
episode,2859,465,3,0,wall,,,1,2859,,,,,,,,
episode,2868,466,9,0,wall,,,1,2868,,,,,,,,
episode,2873,467,5,0,wall,,,1,2873,,,,,,,,
episode,2882,468,9,0,wall,,,1,2882,,,,,,,,
episode,2891,469,9,0,wall,,,1,2891,,,,,,,,
episode,2897,470,6,0,wall,,,1,2897,,,,,,,,
episode,2904,471,7,0,wall,,,1,2904,,,,,,,,
episode,2912,472,8,0,wall,,,1,2912,,,,,,,,
episode,2921,473,9,0,wall,,,1,2921,,,,,,,,
episode,2930,474,9,0,wall,,,1,2930,,,,,,,,
episode,2935,475,5,0,wall,,,1,2935,,,,,,,,
episode,2940,476,5,0,wall,,,1,2940,,,,,,,,
episode,2948,477,8,0,wall,,,1,2948,,,,,,,,
episode,2957,478,9,0,wall,,,1,2957,,,,,,,,
episode,2965,479,8,0,wall,,,1,2965,,,,,,,,
episode,2973,480,8,0,wall,,,1,2973,,,,,,,,
episode,2980,481,7,0,wall,,,1,2980,,,,,,,,
episode,2988,482,8,0,wall,,,1,2988,,,,,,,,
episode,2993,483,5,0,wall,,,1,2993,,,,,,,,
episode,3002,484,9,0,wall,,,1,3002,,,,,,,,
episode,3007,485,5,0,wall,,,1,3007,,,,,,,,
episode,3012,486,5,0,wall,,,1,3012,,,,,,,,
episode,3021,487,9,0,wall,,,1,3021,,,,,,,,
episode,3027,488,6,0,wall,,,1,3027,,,,,,,,
episode,3030,489,3,0,wall,,,1,3030,,,,,,,,
episode,3036,490,6,0,wall,,,1,3036,,,,,,,,
episode,3048,491,12,0,wall,,,1,3048,,,,,,,,
episode,3050,492,2,0,wall,,,1,3050,,,,,,,,
episode,3052,493,2,0,wall,,,1,3052,,,,,,,,
episode,3058,494,6,0,wall,,,1,3058,,,,,,,,
episode,3067,495,9,0,wall,,,1,3067,,,,,,,,
episode,3076,496,9,0,wall,,,1,3076,,,,,,,,
episode,3085,497,9,0,wall,,,1,3085,,,,,,,,
episode,3093,498,8,0,wall,,,1,3093,,,,,,,,
episode,3099,499,6,0,wall,,,1,3099,,,,,,,,
episode,3101,500,2,0,wall,,,1,3101,,,,,,,,
episode,3110,501,9,0,wall,,,1,3110,,,,,,,,
episode,3119,502,9,0,wall,,,1,3119,,,,,,,,
episode,3121,503,2,0,wall,,,1,3121,,,,,,,,
episode,3124,504,3,0,wall,,,1,3124,,,,,,,,
episode,3132,505,8,0,wall,,,1,3132,,,,,,,,
episode,3137,506,5,0,wall,,,1,3137,,,,,,,,
episode,3145,507,8,0,wall,,,1,3145,,,,,,,,
episode,3154,508,9,0,wall,,,1,3154,,,,,,,,
episode,3163,509,9,0,wall,,,1,3163,,,,,,,,
episode,3165,510,2,0,wall,,,1,3165,,,,,,,,
episode,3174,511,9,0,wall,,,1,3174,,,,,,,,
episode,3183,512,9,0,wall,,,1,3183,,,,,,,,
episode,3188,513,5,0,wall,,,1,3188,,,,,,,,
episode,3196,514,8,0,wall,,,1,3196,,,,,,,,
episode,3198,515,2,0,wall,,,1,3198,,,,,,,,
episode,3203,516,5,0,wall,,,1,3203,,,,,,,,
episode,3211,517,8,0,wall,,,1,3211,,,,,,,,
episode,3218,518,7,0,wall,,,1,3218,,,,,,,,
episode,3226,519,8,0,wall,,,1,3226,,,,,,,,
episode,3235,520,9,0,wall,,,1,3235,,,,,,,,
episode,3241,521,6,0,wall,,,1,3241,,,,,,,,
episode,3245,522,4,0,wall,,,1,3245,,,,,,,,
episode,3254,523,9,0,wall,,,1,3254,,,,,,,,
episode,3261,524,7,0,wall,,,1,3261,,,,,,,,
episode,3270,525,9,0,wall,,,1,3270,,,,,,,,
episode,3278,526,8,0,wall,,,1,3278,,,,,,,,
episode,3287,527,9,0,wall,,,1,3287,,,,,,,,
episode,3296,528,9,0,wall,,,1,3296,,,,,,,,
episode,3299,529,3,0,wall,,,1,3299,,,,,,,,
episode,3304,530,5,0,wall,,,1,3304,,,,,,,,
episode,3306,531,2,0,wall,,,1,3306,,,,,,,,
episode,3308,532,2,0,wall,,,1,3308,,,,,,,,
episode,3317,533,9,0,wall,,,1,3317,,,,,,,,
episode,3324,534,7,0,wall,,,1,3324,,,,,,,,
episode,3327,535,3,0,wall,,,1,3327,,,,,,,,
episode,3330,536,3,0,wall,,,1,3330,,,,,,,,
episode,3338,537,8,0,wall,,,1,3338,,,,,,,,
episode,3347,538,9,0,wall,,,1,3347,,,,,,,,
episode,3352,539,5,0,wall,,,1,3352,,,,,,,,
episode,3360,540,8,0,wall,,,1,3360,,,,,,,,
episode,3363,541,3,0,wall,,,1,3363,,,,,,,,
episode,3369,542,6,0,wall,,,1,3369,,,,,,,,
episode,3375,543,6,0,wall,,,1,3375,,,,,,,,
episode,3382,544,7,0,wall,,,1,3382,,,,,,,,
episode,3385,545,3,0,wall,,,1,3385,,,,,,,,
episode,3394,546,9,0,wall,,,1,3394,,,,,,,,
episode,3399,547,5,0,wall,,,1,3399,,,,,,,,
episode,3412,548,13,1,wall,,,1,3412,,,,,,,,
episode,3421,549,9,0,wall,,,1,3421,,,,,,,,
episode,3430,550,9,0,wall,,,1,3430,,,,,,,,
episode,3439,551,9,0,wall,,,1,3439,,,,,,,,
episode,3444,552,5,0,wall,,,1,3444,,,,,,,,
episode,3451,553,7,0,wall,,,1,3451,,,,,,,,
episode,3454,554,3,0,wall,,,1,3454,,,,,,,,
episode,3460,555,6,0,wall,,,1,3460,,,,,,,,
episode,3469,556,9,0,wall,,,1,3469,,,,,,,,
episode,3477,557,8,0,wall,,,1,3477,,,,,,,,
episode,3484,558,7,0,wall,,,1,3484,,,,,,,,
episode,3493,559,9,0,wall,,,1,3493,,,,,,,,
episode,3497,560,4,0,wall,,,1,3497,,,,,,,,
episode,3499,561,2,0,wall,,,1,3499,,,,,,,,
episode,3508,562,9,0,wall,,,1,3508,,,,,,,,
episode,3511,563,3,0,wall,,,1,3511,,,,,,,,
episode,3518,564,7,0,wall,,,1,3518,,,,,,,,
episode,3527,565,9,0,wall,,,1,3527,,,,,,,,
episode,3533,566,6,0,wall,,,1,3533,,,,,,,,
episode,3544,567,11,0,wall,,,1,3544,,,,,,,,
episode,3553,568,9,0,wall,,,1,3553,,,,,,,,
episode,3560,569,7,0,wall,,,1,3560,,,,,,,,
episode,3569,570,9,0,wall,,,1,3569,,,,,,,,
episode,3573,571,4,0,wall,,,1,3573,,,,,,,,
episode,3581,572,8,0,wall,,,1,3581,,,,,,,,
episode,3590,573,9,0,wall,,,1,3590,,,,,,,,
episode,3592,574,2,0,wall,,,1,3592,,,,,,,,
episode,3594,575,2,0,wall,,,1,3594,,,,,,,,
episode,3599,576,5,0,wall,,,1,3599,,,,,,,,
episode,3608,577,9,0,wall,,,1,3608,,,,,,,,
episode,3610,578,2,0,wall,,,1,3610,,,,,,,,
episode,3619,579,9,0,wall,,,1,3619,,,,,,,,
episode,3628,580,9,1,wall,,,1,3628,,,,,,,,
episode,3637,581,9,0,wall,,,1,3637,,,,,,,,
episode,3643,582,6,0,wall,,,1,3643,,,,,,,,
episode,3652,583,9,0,wall,,,1,3652,,,,,,,,
episode,3658,584,6,0,wall,,,1,3658,,,,,,,,
episode,3667,585,9,0,wall,,,1,3667,,,,,,,,
episode,3673,586,6,0,wall,,,1,3673,,,,,,,,
episode,3681,587,8,0,wall,,,1,3681,,,,,,,,
episode,3685,588,4,0,wall,,,1,3685,,,,,,,,
episode,3692,589,7,0,wall,,,1,3692,,,,,,,,
episode,3698,590,6,0,wall,,,1,3698,,,,,,,,
episode,3703,591,5,0,wall,,,1,3703,,,,,,,,
episode,3712,592,9,1,wall,,,1,3712,,,,,,,,
episode,3721,593,9,0,wall,,,1,3721,,,,,,,,
episode,3728,594,7,0,wall,,,1,3728,,,,,,,,
episode,3732,595,4,0,wall,,,1,3732,,,,,,,,
episode,3740,596,8,0,wall,,,1,3740,,,,,,,,
episode,3748,597,8,0,wall,,,1,3748,,,,,,,,
episode,3757,598,9,0,wall,,,1,3757,,,,,,,,
episode,3765,599,8,0,wall,,,1,3765,,,,,,,,
episode,3771,600,6,0,wall,,,1,3771,,,,,,,,
episode,3780,601,9,0,wall,,,1,3780,,,,,,,,
episode,3788,602,8,0,wall,,,1,3788,,,,,,,,
episode,3794,603,6,0,wall,,,1,3794,,,,,,,,
episode,3802,604,8,0,wall,,,1,3802,,,,,,,,
episode,3808,605,6,0,wall,,,1,3808,,,,,,,,
episode,3813,606,5,0,wall,,,1,3813,,,,,,,,
episode,3818,607,5,0,wall,,,1,3818,,,,,,,,
episode,3822,608,4,1,wall,,,1,3822,,,,,,,,
episode,3827,609,5,0,wall,,,1,3827,,,,,,,,
episode,3836,610,9,0,wall,,,1,3836,,,,,,,,
episode,3845,611,9,0,wall,,,1,3845,,,,,,,,
episode,3856,612,11,0,wall,,,1,3856,,,,,,,,
episode,3865,613,9,0,wall,,,1,3865,,,,,,,,
episode,3870,614,5,0,wall,,,1,3870,,,,,,,,
episode,3874,615,4,1,wall,,,1,3874,,,,,,,,
episode,3879,616,5,0,wall,,,1,3879,,,,,,,,
episode,3888,617,9,0,wall,,,1,3888,,,,,,,,
episode,3893,618,5,0,wall,,,1,3893,,,,,,,,
episode,3901,619,8,0,wall,,,1,3901,,,,,,,,
episode,3910,620,9,0,wall,,,1,3910,,,,,,,,
episode,3915,621,5,0,wall,,,1,3915,,,,,,,,
episode,3922,622,7,0,wall,,,1,3922,,,,,,,,
episode,3924,623,2,0,wall,,,1,3924,,,,,,,,
episode,3931,624,7,1,wall,,,1,3931,,,,,,,,
episode,3940,625,9,0,wall,,,1,3940,,,,,,,,
episode,3949,626,9,1,wall,,,1,3949,,,,,,,,
episode,3952,627,3,0,wall,,,1,3952,,,,,,,,
episode,3957,628,5,0,wall,,,1,3957,,,,,,,,
episode,3966,629,9,0,wall,,,1,3966,,,,,,,,
episode,3975,630,9,1,wall,,,1,3975,,,,,,,,
episode,3979,631,4,0,wall,,,1,3979,,,,,,,,
episode,3983,632,4,0,wall,,,1,3983,,,,,,,,
episode,3986,633,3,0,wall,,,1,3986,,,,,,,,
episode,3995,634,9,1,wall,,,1,3995,,,,,,,,
episode,3999,635,4,0,wall,,,1,3999,,,,,,,,
train,4000,635,,,,0.09,0.0,1,4000,,,,,,,,
episode,4008,636,9,0,wall,,,1,4008,,,,,,,,
episode,4010,637,2,0,wall,,,1,4010,,,,,,,,
episode,4020,638,10,0,wall,,,1,4020,,,,,,,,
episode,4027,639,7,0,wall,,,1,4027,,,,,,,,
episode,4030,640,3,0,wall,,,1,4030,,,,,,,,
episode,4035,641,5,0,wall,,,1,4035,,,,,,,,
episode,4037,642,2,0,wall,,,1,4037,,,,,,,,
episode,4039,643,2,0,wall,,,1,4039,,,,,,,,
episode,4045,644,6,0,wall,,,1,4045,,,,,,,,
episode,4054,645,9,0,wall,,,1,4054,,,,,,,,
episode,4062,646,8,0,wall,,,1,4062,,,,,,,,
episode,4069,647,7,0,wall,,,1,4069,,,,,,,,
episode,4078,648,9,0,wall,,,1,4078,,,,,,,,
episode,4081,649,3,0,wall,,,1,4081,,,,,,,,
episode,4092,650,11,0,wall,,,1,4092,,,,,,,,
episode,4098,651,6,0,wall,,,1,4098,,,,,,,,
episode,4107,652,9,0,wall,,,1,4107,,,,,,,,
episode,4116,653,9,0,wall,,,1,4116,,,,,,,,
episode,4125,654,9,0,wall,,,1,4125,,,,,,,,
episode,4132,655,7,0,wall,,,1,4132,,,,,,,,
episode,4134,656,2,0,wall,,,1,4134,,,,,,,,
episode,4139,657,5,0,wall,,,1,4139,,,,,,,,
episode,4147,658,8,0,wall,,,1,4147,,,,,,,,
episode,4154,659,7,1,wall,,,1,4154,,,,,,,,
episode,4163,660,9,0,wall,,,1,4163,,,,,,,,
episode,4169,661,6,0,wall,,,1,4169,,,,,,,,
episode,4178,662,9,0,wall,,,1,4178,,,,,,,,
episode,4183,663,5,0,wall,,,1,4183,,,,,,,,
episode,4188,664,5,0,wall,,,1,4188,,,,,,,,
episode,4195,665,7,0,wall,,,1,4195,,,,,,,,
episode,4204,666,9,0,wall,,,1,4204,,,,,,,,
episode,4208,667,4,0,wall,,,1,4208,,,,,,,,
episode,4217,668,9,0,wall,,,1,4217,,,,,,,,
episode,4218,669,1,0,wall,,,1,4218,,,,,,,,
episode,4227,670,9,0,wall,,,1,4227,,,,,,,,
episode,4235,671,8,0,wall,,,1,4235,,,,,,,,
episode,4241,672,6,0,wall,,,1,4241,,,,,,,,
episode,4244,673,3,0,wall,,,1,4244,,,,,,,,
episode,4253,674,9,0,wall,,,1,4253,,,,,,,,
episode,4262,675,9,0,wall,,,1,4262,,,,,,,,
episode,4269,676,7,0,wall,,,1,4269,,,,,,,,
episode,4278,677,9,0,wall,,,1,4278,,,,,,,,
episode,4291,678,13,0,wall,,,1,4291,,,,,,,,
episode,4300,679,9,0,wall,,,1,4300,,,,,,,,
episode,4307,680,7,0,wall,,,1,4307,,,,,,,,
episode,4309,681,2,0,wall,,,1,4309,,,,,,,,
episode,4315,682,6,0,wall,,,1,4315,,,,,,,,
episode,4317,683,2,0,wall,,,1,4317,,,,,,,,
episode,4326,684,9,0,wall,,,1,4326,,,,,,,,
episode,4333,685,7,0,wall,,,1,4333,,,,,,,,
episode,4343,686,10,0,wall,,,1,4343,,,,,,,,
episode,4351,687,8,1,wall,,,1,4351,,,,,,,,
episode,4360,688,9,0,wall,,,1,4360,,,,,,,,
episode,4365,689,5,0,wall,,,1,4365,,,,,,,,
episode,4370,690,5,0,wall,,,1,4370,,,,,,,,
episode,4379,691,9,0,wall,,,1,4379,,,,,,,,
episode,4385,692,6,0,wall,,,1,4385,,,,,,,,
episode,4394,693,9,0,wall,,,1,4394,,,,,,,,
episode,4398,694,4,0,wall,,,1,4398,,,,,,,,
episode,4404,695,6,0,wall,,,1,4404,,,,,,,,
episode,4406,696,2,0,wall,,,1,4406,,,,,,,,
episode,4414,697,8,0,wall,,,1,4414,,,,,,,,
episode,4419,698,5,0,wall,,,1,4419,,,,,,,,
episode,4425,699,6,0,wall,,,1,4425,,,,,,,,
episode,4432,700,7,1,wall,,,1,4432,,,,,,,,
episode,4438,701,6,0,wall,,,1,4438,,,,,,,,
episode,4444,702,6,0,wall,,,1,4444,,,,,,,,
episode,4448,703,4,0,wall,,,1,4448,,,,,,,,
episode,4451,704,3,0,wall,,,1,4451,,,,,,,,
episode,4453,705,2,0,wall,,,1,4453,,,,,,,,
episode,4462,706,9,0,wall,,,1,4462,,,,,,,,
episode,4464,707,2,0,wall,,,1,4464,,,,,,,,
episode,4471,708,7,0,wall,,,1,4471,,,,,,,,
episode,4474,709,3,0,wall,,,1,4474,,,,,,,,
episode,4480,710,6,0,wall,,,1,4480,,,,,,,,
episode,4486,711,6,0,wall,,,1,4486,,,,,,,,
episode,4492,712,6,0,wall,,,1,4492,,,,,,,,
episode,4497,713,5,0,wall,,,1,4497,,,,,,,,
episode,4499,714,2,0,wall,,,1,4499,,,,,,,,
episode,4505,715,6,0,wall,,,1,4505,,,,,,,,
episode,4510,716,5,0,wall,,,1,4510,,,,,,,,
episode,4519,717,9,0,wall,,,1,4519,,,,,,,,
episode,4525,718,6,0,wall,,,1,4525,,,,,,,,
episode,4527,719,2,0,wall,,,1,4527,,,,,,,,
episode,4537,720,10,0,wall,,,1,4537,,,,,,,,
episode,4544,721,7,0,wall,,,1,4544,,,,,,,,
episode,4551,722,7,0,wall,,,1,4551,,,,,,,,
episode,4553,723,2,0,wall,,,1,4553,,,,,,,,
episode,4557,724,4,0,wall,,,1,4557,,,,,,,,
episode,4561,725,4,0,wall,,,1,4561,,,,,,,,
episode,4566,726,5,0,wall,,,1,4566,,,,,,,,
episode,4568,727,2,0,wall,,,1,4568,,,,,,,,
episode,4577,728,9,0,wall,,,1,4577,,,,,,,,
episode,4580,729,3,0,wall,,,1,4580,,,,,,,,
episode,4587,730,7,1,wall,,,1,4587,,,,,,,,
episode,4595,731,8,0,wall,,,1,4595,,,,,,,,
episode,4598,732,3,0,wall,,,1,4598,,,,,,,,
episode,4601,733,3,0,wall,,,1,4601,,,,,,,,
episode,4607,734,6,0,wall,,,1,4607,,,,,,,,
episode,4616,735,9,1,wall,,,1,4616,,,,,,,,
episode,4620,736,4,0,wall,,,1,4620,,,,,,,,
episode,4630,737,10,0,wall,,,1,4630,,,,,,,,
episode,4636,738,6,1,wall,,,1,4636,,,,,,,,
episode,4639,739,3,0,wall,,,1,4639,,,,,,,,
episode,4641,740,2,0,wall,,,1,4641,,,,,,,,
episode,4650,741,9,0,wall,,,1,4650,,,,,,,,
episode,4655,742,5,0,wall,,,1,4655,,,,,,,,
episode,4661,743,6,0,wall,,,1,4661,,,,,,,,
episode,4668,744,7,0,wall,,,1,4668,,,,,,,,
episode,4670,745,2,0,wall,,,1,4670,,,,,,,,
episode,4677,746,7,0,wall,,,1,4677,,,,,,,,
episode,4684,747,7,0,wall,,,1,4684,,,,,,,,
episode,4687,748,3,0,wall,,,1,4687,,,,,,,,
episode,4692,749,5,0,wall,,,1,4692,,,,,,,,
episode,4698,750,6,0,wall,,,1,4698,,,,,,,,
episode,4706,751,8,0,wall,,,1,4706,,,,,,,,
episode,4712,752,6,0,wall,,,1,4712,,,,,,,,
episode,4718,753,6,0,wall,,,1,4718,,,,,,,,
episode,4721,754,3,0,wall,,,1,4721,,,,,,,,
episode,4724,755,3,0,wall,,,1,4724,,,,,,,,
episode,4728,756,4,0,wall,,,1,4728,,,,,,,,
episode,4730,757,2,0,wall,,,1,4730,,,,,,,,
episode,4733,758,3,0,wall,,,1,4733,,,,,,,,
episode,4737,759,4,1,wall,,,1,4737,,,,,,,,
episode,4743,760,6,0,wall,,,1,4743,,,,,,,,
episode,4752,761,9,0,wall,,,1,4752,,,,,,,,
episode,4760,762,8,0,wall,,,1,4760,,,,,,,,
episode,4764,763,4,0,wall,,,1,4764,,,,,,,,
episode,4771,764,7,1,wall,,,1,4771,,,,,,,,
episode,4774,765,3,0,wall,,,1,4774,,,,,,,,
episode,4780,766,6,0,wall,,,1,4780,,,,,,,,
episode,4795,767,15,0,wall,,,1,4795,,,,,,,,
episode,4803,768,8,0,wall,,,1,4803,,,,,,,,
episode,4805,769,2,0,wall,,,1,4805,,,,,,,,
episode,4813,770,8,0,wall,,,1,4813,,,,,,,,
episode,4821,771,8,0,wall,,,1,4821,,,,,,,,
episode,4830,772,9,0,wall,,,1,4830,,,,,,,,
episode,4832,773,2,0,wall,,,1,4832,,,,,,,,
episode,4842,774,10,0,wall,,,1,4842,,,,,,,,
episode,4850,775,8,0,wall,,,1,4850,,,,,,,,
episode,4852,776,2,0,wall,,,1,4852,,,,,,,,
episode,4858,777,6,0,wall,,,1,4858,,,,,,,,
episode,4866,778,8,0,wall,,,1,4866,,,,,,,,
episode,4868,779,2,0,wall,,,1,4868,,,,,,,,
episode,4875,780,7,0,wall,,,1,4875,,,,,,,,
episode,4877,781,2,0,wall,,,1,4877,,,,,,,,
episode,4890,782,13,1,wall,,,1,4890,,,,,,,,
episode,4897,783,7,0,wall,,,1,4897,,,,,,,,
episode,4902,784,5,0,wall,,,1,4902,,,,,,,,
episode,4911,785,9,0,wall,,,1,4911,,,,,,,,
episode,4918,786,7,0,wall,,,1,4918,,,,,,,,
episode,4927,787,9,0,wall,,,1,4927,,,,,,,,
episode,4933,788,6,0,wall,,,1,4933,,,,,,,,
episode,4946,789,13,0,wall,,,1,4946,,,,,,,,
episode,4948,790,2,0,wall,,,1,4948,,,,,,,,
episode,4951,791,3,0,wall,,,1,4951,,,,,,,,
episode,4956,792,5,0,wall,,,1,4956,,,,,,,,
episode,4965,793,9,0,wall,,,1,4965,,,,,,,,
episode,4968,794,3,0,wall,,,1,4968,,,,,,,,
episode,4976,795,8,0,wall,,,1,4976,,,,,,,,
episode,4982,796,6,0,wall,,,1,4982,,,,,,,,
episode,4990,797,8,0,wall,,,1,4990,,,,,,,,
episode,4999,798,9,0,wall,,,1,4999,,,,,,,,
episode,5034,799,35,0,wall,,,1,5034,,,,,,,,
episode,5062,800,28,0,wall,,,1,5062,,,,,,,,
episode,5063,801,1,0,wall,,,1,5063,,,,,,,,
episode,5129,802,66,0,wall,,,1,5129,,,,,,,,
episode,5204,803,75,0,self,,,1,5204,,,,,,,,
episode,5207,804,3,0,wall,,,1,5207,,,,,,,,
episode,5257,805,50,0,wall,,,1,5257,,,,,,,,
episode,5267,806,10,0,wall,,,1,5267,,,,,,,,
episode,5271,807,4,0,wall,,,1,5271,,,,,,,,
episode,5272,808,1,0,wall,,,1,5272,,,,,,,,
episode,5280,809,8,0,wall,,,1,5280,,,,,,,,
episode,5306,810,26,0,wall,,,1,5306,,,,,,,,
episode,5342,811,36,0,wall,,,1,5342,,,,,,,,
episode,5357,812,15,1,wall,,,1,5357,,,,,,,,
episode,5414,813,57,0,wall,,,1,5414,,,,,,,,
episode,5494,814,80,0,self,,,1,5494,,,,,,,,
episode,5645,815,151,2,wall,,,2,5645,,,,,,,,
episode,5771,816,126,1,wall,,,2,5771,,,,,,,,
episode,5818,817,47,1,wall,,,2,5818,,,,,,,,
episode,5833,818,15,0,wall,,,2,5833,,,,,,,,
episode,5864,819,31,0,wall,,,2,5864,,,,,,,,
episode,5879,820,15,0,wall,,,2,5879,,,,,,,,
episode,5888,821,9,0,wall,,,2,5888,,,,,,,,
episode,5904,822,16,0,wall,,,2,5904,,,,,,,,
episode,5935,823,31,1,wall,,,2,5935,,,,,,,,
episode,5980,824,45,2,wall,,,2,5980,,,,,,,,
train,6000,824,,,,0.14,0.1663115553557873,2,6000,,,,,,,,
episode,6014,825,34,0,wall,,,2,6014,,,,,,,,
episode,6099,826,85,2,wall,,,2,6099,,,,,,,,
episode,6129,827,30,1,wall,,,2,6129,,,,,,,,
episode,6169,828,40,0,wall,,,2,6169,,,,,,,,
episode,6181,829,12,0,wall,,,2,6181,,,,,,,,
episode,6284,830,103,1,wall,,,2,6284,,,,,,,,
episode,6287,831,3,0,wall,,,2,6287,,,,,,,,
episode,6371,832,84,0,self,,,2,6371,,,,,,,,
episode,6452,833,81,0,self,,,2,6452,,,,,,,,
episode,6453,834,1,0,wall,,,2,6453,,,,,,,,
episode,6542,835,89,0,self,,,2,6542,,,,,,,,
episode,6618,836,76,0,self,,,2,6618,,,,,,,,
episode,6624,837,6,0,wall,,,2,6624,,,,,,,,
episode,6655,838,31,0,wall,,,2,6655,,,,,,,,
episode,6745,839,90,1,self,,,2,6745,,,,,,,,
episode,6825,840,80,0,self,,,2,6825,,,,,,,,
episode,6921,841,96,0,self,,,2,6921,,,,,,,,
episode,6946,842,25,0,wall,,,2,6946,,,,,,,,
episode,7032,843,86,1,self,,,2,7032,,,,,,,,
episode,7040,844,8,0,wall,,,2,7040,,,,,,,,
episode,7042,845,2,0,wall,,,2,7042,,,,,,,,
episode,7050,846,8,0,wall,,,2,7050,,,,,,,,
episode,7058,847,8,0,wall,,,2,7058,,,,,,,,
episode,7086,848,28,0,wall,,,2,7086,,,,,,,,
episode,7098,849,12,1,wall,,,2,7098,,,,,,,,
episode,7114,850,16,0,wall,,,2,7114,,,,,,,,
episode,7193,851,79,0,wall,,,2,7193,,,,,,,,
episode,7202,852,9,0,wall,,,2,7202,,,,,,,,
episode,7289,853,87,1,wall,,,2,7289,,,,,,,,
episode,7297,854,8,0,wall,,,2,7297,,,,,,,,
episode,7344,855,47,0,wall,,,2,7344,,,,,,,,
episode,7400,856,56,1,wall,,,2,7400,,,,,,,,
episode,7409,857,9,0,wall,,,2,7409,,,,,,,,
episode,7410,858,1,0,wall,,,2,7410,,,,,,,,
episode,7436,859,26,0,wall,,,2,7436,,,,,,,,
episode,7461,860,25,0,wall,,,2,7461,,,,,,,,
episode,7491,861,30,1,wall,,,2,7491,,,,,,,,
episode,7508,862,17,0,wall,,,2,7508,,,,,,,,
episode,7600,863,92,1,wall,,,2,7600,,,,,,,,
episode,7680,864,80,0,wall,,,2,7680,,,,,,,,
episode,7709,865,29,1,wall,,,2,7709,,,,,,,,
episode,7751,866,42,1,wall,,,2,7751,,,,,,,,
episode,7827,867,76,1,wall,,,2,7827,,,,,,,,
episode,7852,868,25,1,wall,,,2,7852,,,,,,,,
episode,7905,869,53,0,wall,,,2,7905,,,,,,,,
episode,7918,870,13,0,wall,,,2,7918,,,,,,,,
episode,7994,871,76,0,self,,,2,7994,,,,,,,,
train,8000,871,,,,0.24,0.14582050535827876,2,8000,,,,,,,,
episode,8054,872,60,0,wall,,,2,8054,,,,,,,,
episode,8107,873,53,0,wall,,,2,8107,,,,,,,,
episode,8175,874,68,0,wall,,,2,8175,,,,,,,,
episode,8197,875,22,0,wall,,,2,8197,,,,,,,,
episode,8294,876,97,1,wall,,,2,8294,,,,,,,,
episode,8353,877,59,0,wall,,,2,8353,,,,,,,,
episode,8395,878,42,0,wall,,,2,8395,,,,,,,,
episode,8474,879,79,0,wall,,,2,8474,,,,,,,,
episode,8481,880,7,0,wall,,,2,8481,,,,,,,,
episode,8507,881,26,0,wall,,,2,8507,,,,,,,,
episode,8583,882,76,1,wall,,,2,8583,,,,,,,,
episode,8599,883,16,1,wall,,,2,8599,,,,,,,,
episode,8704,884,105,0,wall,,,2,8704,,,,,,,,
episode,8789,885,85,0,self,,,2,8789,,,,,,,,
episode,8814,886,25,0,wall,,,2,8814,,,,,,,,
episode,8894,887,80,2,wall,,,2,8894,,,,,,,,
episode,8919,888,25,0,wall,,,2,8919,,,,,,,,
episode,8922,889,3,0,wall,,,2,8922,,,,,,,,
episode,8948,890,26,1,wall,,,2,8948,,,,,,,,
episode,9037,891,89,2,self,,,2,9037,,,,,,,,
episode,9105,892,68,1,wall,,,2,9105,,,,,,,,
episode,9189,893,84,1,wall,,,2,9189,,,,,,,,
episode,9325,894,136,0,wall,,,2,9325,,,,,,,,
episode,9359,895,34,0,wall,,,2,9359,,,,,,,,
episode,9439,896,80,1,self,,,2,9439,,,,,,,,
episode,9544,897,105,3,self,,,3,9544,,,,,,,,
episode,9561,898,17,0,wall,,,3,9561,,,,,,,,
episode,9648,899,87,1,self,,,3,9648,,,,,,,,
episode,9731,900,83,0,self,,,3,9731,,,,,,,,
episode,9806,901,75,0,self,,,3,9806,,,,,,,,
episode,9916,902,110,1,self,,,3,9916,,,,,,,,
episode,9968,903,52,0,wall,,,3,9968,,,,,,,,
train,10000,903,,,,0.39,0.07376383541151882,3,10000,,,,,,,,
eval,10000,903,,,,,,3,,0.800000011920929,0.0,5,-22.580076217651367,18,2,0,0.800000011920929
episode,10043,904,75,0,self,,,3,10043,,,,,,,,
episode,10128,905,85,1,self,,,3,10128,,,,,,,,
episode,10152,906,24,1,wall,,,3,10152,,,,,,,,
episode,10161,907,9,0,wall,,,3,10161,,,,,,,,
episode,10182,908,21,0,wall,,,3,10182,,,,,,,,
episode,10288,909,106,1,self,,,3,10288,,,,,,,,
episode,10415,910,127,3,wall,,,3,10415,,,,,,,,
episode,10499,911,84,2,wall,,,3,10499,,,,,,,,
episode,10591,912,92,1,self,,,3,10591,,,,,,,,
episode,10634,913,43,0,wall,,,3,10634,,,,,,,,
episode,10814,914,180,3,self,,,3,10814,,,,,,,,
episode,10935,915,121,1,self,,,3,10935,,,,,,,,
episode,11073,916,138,0,self,,,3,11073,,,,,,,,
episode,11183,917,110,1,self,,,3,11183,,,,,,,,
episode,11318,918,135,2,self,,,3,11318,,,,,,,,
episode,11431,919,113,1,self,,,3,11431,,,,,,,,
episode,11551,920,120,1,self,,,3,11551,,,,,,,,
episode,11709,921,158,0,self,,,3,11709,,,,,,,,
episode,11883,922,174,1,self,,,3,11883,,,,,,,,
episode,11973,923,90,0,self,,,3,11973,,,,,,,,
train,12000,923,,,,0.52,0.07250357702374459,3,12000,,,,,,,,
episode,12111,924,138,0,self,,,3,12111,,,,,,,,
episode,12154,925,43,0,wall,,,3,12154,,,,,,,,
episode,12244,926,90,1,self,,,3,12244,,,,,,,,
episode,12430,927,186,1,wall,,,3,12430,,,,,,,,
episode,12585,928,155,0,self,,,3,12585,,,,,,,,
episode,12777,929,192,2,wall,,,3,12777,,,,,,,,
episode,12861,930,84,0,self,,,3,12861,,,,,,,,
episode,13015,931,154,3,wall,,,3,13015,,,,,,,,
episode,13170,932,155,0,wall,,,3,13170,,,,,,,,
episode,13257,933,87,1,self,,,3,13257,,,,,,,,
episode,13368,934,111,1,self,,,3,13368,,,,,,,,
episode,13500,935,132,1,self,,,3,13500,,,,,,,,
episode,13614,936,114,0,self,,,3,13614,,,,,,,,
episode,13689,937,75,0,self,,,3,13689,,,,,,,,
episode,13796,938,107,1,self,,,3,13796,,,,,,,,
episode,13917,939,121,0,self,,,3,13917,,,,,,,,
train,14000,939,,,,0.56,0.04197462413460016,3,14000,,,,,,,,
episode,14042,940,125,0,self,,,3,14042,,,,,,,,
episode,14161,941,119,3,self,,,3,14161,,,,,,,,
episode,14170,942,9,0,wall,,,3,14170,,,,,,,,
episode,14171,943,1,0,wall,,,3,14171,,,,,,,,
episode,14280,944,109,0,self,,,3,14280,,,,,,,,
episode,14408,945,128,0,self,,,3,14408,,,,,,,,
episode,14552,946,144,1,self,,,3,14552,,,,,,,,
episode,14689,947,137,0,self,,,3,14689,,,,,,,,
episode,14808,948,119,2,self,,,3,14808,,,,,,,,
episode,14858,949,50,0,wall,,,3,14858,,,,,,,,
episode,14966,950,108,0,self,,,3,14966,,,,,,,,
episode,15109,951,143,3,self,,,3,15109,,,,,,,,
episode,15205,952,96,0,self,,,3,15205,,,,,,,,
episode,15300,953,95,1,self,,,3,15300,,,,,,,,
episode,15387,954,87,1,self,,,3,15387,,,,,,,,
episode,15521,955,134,3,self,,,3,15521,,,,,,,,
episode,15625,956,104,1,self,,,3,15625,,,,,,,,
episode,15868,957,243,4,self,,,4,15868,,,,,,,,
train,16000,957,,,,0.71,0.055803352128714324,4,16000,,,,,,,,
episode,16049,958,181,3,wall,,,4,16049,,,,,,,,
episode,16167,959,118,3,self,,,4,16167,,,,,,,,
episode,16255,960,88,3,self,,,4,16255,,,,,,,,
episode,16399,961,144,2,self,,,4,16399,,,,,,,,
episode,16591,962,192,0,wall,,,4,16591,,,,,,,,
episode,16763,963,172,0,self,,,4,16763,,,,,,,,
episode,16942,964,179,2,self,,,4,16942,,,,,,,,
episode,17410,965,468,2,wall,,,4,17410,,,,,,,,
episode,17532,966,122,0,self,,,4,17532,,,,,,,,
episode,17687,967,155,2,wall,,,4,17687,,,,,,,,
episode,17905,968,218,2,self,,,4,17905,,,,,,,,
train,18000,968,,,,0.84,0.048403217568993566,4,18000,,,,,,,,
episode,18035,969,130,0,self,,,4,18035,,,,,,,,
episode,18112,970,77,0,self,,,4,18112,,,,,,,,
episode,18305,971,193,1,self,,,4,18305,,,,,,,,
episode,18380,972,75,0,self,,,4,18380,,,,,,,,
episode,18474,973,94,0,self,,,4,18474,,,,,,,,
episode,18556,974,82,0,self,,,4,18556,,,,,,,,
episode,18634,975,78,1,self,,,4,18634,,,,,,,,
episode,18739,976,105,0,self,,,4,18739,,,,,,,,
episode,18840,977,101,0,self,,,4,18840,,,,,,,,
episode,18961,978,121,2,self,,,4,18961,,,,,,,,
episode,19190,979,229,0,wall,,,4,19190,,,,,,,,
episode,19363,980,173,0,self,,,4,19363,,,,,,,,
episode,19446,981,83,0,self,,,4,19446,,,,,,,,
episode,19632,982,186,3,self,,,4,19632,,,,,,,,
episode,19797,983,165,3,self,,,4,19797,,,,,,,,
train,20000,983,,,,0.91,0.047741497354581955,4,20000,,,,,,,,
eval,20000,983,,,,,,4,,1.600000023841858,1.0,6,-35.742122650146484,11,9,0,1.600000023841858
episode,20012,984,215,3,self,,,4,20012,,,,,,,,
episode,20108,985,96,1,self,,,4,20108,,,,,,,,
episode,20463,986,355,3,wall,,,4,20463,,,,,,,,
episode,20594,987,131,0,self,,,4,20594,,,,,,,,
episode,20699,988,105,1,self,,,4,20699,,,,,,,,
episode,21004,989,305,3,self,,,4,21004,,,,,,,,
episode,21193,990,189,1,self,,,4,21193,,,,,,,,
episode,21428,991,235,2,self,,,4,21428,,,,,,,,
episode,21656,992,228,2,self,,,4,21656,,,,,,,,
episode,21925,993,269,4,self,,,4,21925,,,,,,,,
train,22000,993,,,,1.04,0.03722738023847341,4,22000,,,,,,,,
episode,22227,994,302,2,self,,,4,22227,,,,,,,,
episode,22421,995,194,3,self,,,4,22421,,,,,,,,
episode,22630,996,209,1,self,,,4,22630,,,,,,,,
episode,22754,997,124,0,self,,,4,22754,,,,,,,,
episode,22839,998,85,0,self,,,4,22839,,,,,,,,
episode,22944,999,105,0,self,,,4,22944,,,,,,,,
episode,23073,1000,129,2,self,,,4,23073,,,,,,,,
episode,23214,1001,141,1,self,,,4,23214,,,,,,,,
episode,23307,1002,93,2,self,,,4,23307,,,,,,,,
episode,23491,1003,184,1,self,,,4,23491,,,,,,,,
episode,23676,1004,185,1,self,,,4,23676,,,,,,,,
episode,23851,1005,175,4,self,,,4,23851,,,,,,,,
train,24000,1005,,,,1.14,0.033192462739534676,4,24000,,,,,,,,
episode,24033,1006,182,1,self,,,4,24033,,,,,,,,
episode,24115,1007,82,0,self,,,4,24115,,,,,,,,
episode,24234,1008,119,0,self,,,4,24234,,,,,,,,
episode,24441,1009,207,2,self,,,4,24441,,,,,,,,
episode,24519,1010,78,0,self,,,4,24519,,,,,,,,
episode,24743,1011,224,2,self,,,4,24743,,,,,,,,
episode,24853,1012,110,1,self,,,4,24853,,,,,,,,
episode,25099,1013,246,1,self,,,4,25099,,,,,,,,
episode,25382,1014,283,2,self,,,4,25382,,,,,,,,
episode,25479,1015,97,2,self,,,4,25479,,,,,,,,
episode,25620,1016,141,0,self,,,4,25620,,,,,,,,
episode,25758,1017,138,0,self,,,4,25758,,,,,,,,
episode,25929,1018,171,1,self,,,4,25929,,,,,,,,
train,26000,1018,,,,1.11,0.036208744663745164,4,26000,,,,,,,,
episode,26159,1019,230,4,self,,,4,26159,,,,,,,,
episode,26497,1020,338,2,self,,,4,26497,,,,,,,,
episode,26803,1021,306,5,self,,,5,26803,,,,,,,,
episode,26926,1022,123,0,self,,,5,26926,,,,,,,,
episode,27080,1023,154,0,self,,,5,27080,,,,,,,,
episode,27202,1024,122,0,self,,,5,27202,,,,,,,,
episode,27302,1025,100,2,self,,,5,27302,,,,,,,,
episode,27640,1026,338,2,self,,,5,27640,,,,,,,,
episode,27816,1027,176,3,self,,,5,27816,,,,,,,,
train,28000,1027,,,,1.24,0.03114740291144699,5,28000,,,,,,,,
episode,28069,1028,253,7,self,,,7,28069,,,,,,,,
episode,28240,1029,171,0,self,,,7,28240,,,,,,,,
episode,28629,1030,389,4,self,,,7,28629,,,,,,,,
episode,28781,1031,152,2,self,,,7,28781,,,,,,,,
episode,28857,1032,76,0,self,,,7,28857,,,,,,,,
episode,29026,1033,169,1,self,,,7,29026,,,,,,,,
episode,29371,1034,345,1,self,,,7,29371,,,,,,,,
episode,29503,1035,132,0,self,,,7,29503,,,,,,,,
episode,29679,1036,176,1,self,,,7,29679,,,,,,,,
episode,29853,1037,174,0,self,,,7,29853,,,,,,,,
train,30000,1037,,,,1.32,0.02776520504616201,7,30000,,,,,,,,
eval,30000,1037,,,,,,7,,1.649999976158142,1.5,4,-33.471195220947266,13,7,0,1.649999976158142
episode,30044,1038,191,5,self,,,7,30044,,,,,,,,
episode,30239,1039,195,3,self,,,7,30239,,,,,,,,
episode,30500,1040,261,4,self,,,7,30500,,,,,,,,
episode,30676,1041,176,0,self,,,7,30676,,,,,,,,
episode,30774,1042,98,0,self,,,7,30774,,,,,,,,
episode,30892,1043,118,1,self,,,7,30892,,,,,,,,
episode,31145,1044,253,2,self,,,7,31145,,,,,,,,
episode,31377,1045,232,0,self,,,7,31377,,,,,,,,
episode,31569,1046,192,0,self,,,7,31569,,,,,,,,
episode,31923,1047,354,2,self,,,7,31923,,,,,,,,
train,32000,1047,,,,1.44,0.030911043044179676,7,32000,,,,,,,,
episode,32066,1048,143,0,self,,,7,32066,,,,,,,,
episode,32171,1049,105,0,self,,,7,32171,,,,,,,,
episode,32333,1050,162,2,self,,,7,32333,,,,,,,,
episode,32459,1051,126,1,self,,,7,32459,,,,,,,,
episode,32717,1052,258,3,self,,,7,32717,,,,,,,,
episode,32912,1053,195,3,self,,,7,32912,,,,,,,,
episode,33045,1054,133,2,self,,,7,33045,,,,,,,,
episode,33212,1055,167,3,self,,,7,33212,,,,,,,,
episode,33341,1056,129,0,self,,,7,33341,,,,,,,,
episode,33616,1057,275,3,self,,,7,33616,,,,,,,,
episode,33813,1058,197,1,self,,,7,33813,,,,,,,,
episode,33952,1059,139,2,self,,,7,33952,,,,,,,,
train,34000,1059,,,,1.43,0.026367143937386574,7,34000,,,,,,,,
episode,34168,1060,216,5,self,,,7,34168,,,,,,,,
episode,34314,1061,146,2,self,,,7,34314,,,,,,,,
episode,34491,1062,177,2,self,,,7,34491,,,,,,,,
episode,34722,1063,231,1,self,,,7,34722,,,,,,,,
episode,34956,1064,234,1,self,,,7,34956,,,,,,,,
episode,35216,1065,260,3,self,,,7,35216,,,,,,,,
episode,35536,1066,320,1,self,,,7,35536,,,,,,,,
episode,35858,1067,322,4,self,,,7,35858,,,,,,,,
train,36000,1067,,,,1.51,0.02705005963332951,7,36000,,,,,,,,
episode,36216,1068,358,3,self,,,7,36216,,,,,,,,
episode,36347,1069,131,3,self,,,7,36347,,,,,,,,
episode,36766,1070,419,5,self,,,7,36766,,,,,,,,
episode,36912,1071,146,2,self,,,7,36912,,,,,,,,
episode,36993,1072,81,2,self,,,7,36993,,,,,,,,
episode,37272,1073,279,3,self,,,7,37272,,,,,,,,
episode,37625,1074,353,0,self,,,7,37625,,,,,,,,
train,38000,1074,,,,1.66,0.02416491663083434,7,38000,,,,,,,,
episode,38027,1075,402,1,self,,,7,38027,,,,,,,,
episode,38378,1076,351,6,self,,,7,38378,,,,,,,,
episode,38517,1077,139,3,self,,,7,38517,,,,,,,,
episode,38821,1078,304,2,self,,,7,38821,,,,,,,,
episode,39074,1079,253,3,self,,,7,39074,,,,,,,,
episode,39279,1080,205,3,self,,,7,39279,,,,,,,,
episode,39609,1081,330,0,self,,,7,39609,,,,,,,,
episode,39985,1082,376,2,self,,,7,39985,,,,,,,,
train,40000,1082,,,,1.8,0.025876626563258467,7,40000,,,,,,,,
eval,40000,1082,,,,,,7,,1.850000023841858,1.0,9,-57.59519577026367,18,2,0,1.850000023841858
episode,40192,1083,207,1,self,,,7,40192,,,,,,,,
episode,40530,1084,338,4,self,,,7,40530,,,,,,,,
episode,40613,1085,83,0,self,,,7,40613,,,,,,,,
episode,40845,1086,232,1,self,,,7,40845,,,,,,,,
episode,40981,1087,136,1,self,,,7,40981,,,,,,,,
episode,41421,1088,440,3,self,,,7,41421,,,,,,,,
episode,41655,1089,234,3,self,,,7,41655,,,,,,,,
episode,41863,1090,208,1,self,,,7,41863,,,,,,,,
train,42000,1090,,,,1.79,0.026202016957104207,7,42000,,,,,,,,
episode,42042,1091,179,0,self,,,7,42042,,,,,,,,
episode,42371,1092,329,3,self,,,7,42371,,,,,,,,
episode,42611,1093,240,1,self,,,7,42611,,,,,,,,
episode,42873,1094,262,1,self,,,7,42873,,,,,,,,
episode,43121,1095,248,3,self,,,7,43121,,,,,,,,
episode,43399,1096,278,1,self,,,7,43399,,,,,,,,
episode,43761,1097,362,3,self,,,7,43761,,,,,,,,
episode,43999,1098,238,4,self,,,7,43999,,,,,,,,
train,44000,1098,,,,1.81,0.02439281755592674,7,44000,,,,,,,,
episode,44325,1099,326,5,self,,,7,44325,,,,,,,,
episode,44669,1100,344,1,self,,,7,44669,,,,,,,,
episode,44912,1101,243,2,self,,,7,44912,,,,,,,,
episode,45304,1102,392,3,self,,,7,45304,,,,,,,,
episode,45691,1103,387,4,self,,,7,45691,,,,,,,,
episode,45852,1104,161,0,wall,,,7,45852,,,,,,,,
train,46000,1104,,,,1.89,0.021524227913469075,7,46000,,,,,,,,
episode,46226,1105,374,2,self,,,7,46226,,,,,,,,
episode,46323,1106,97,2,self,,,7,46323,,,,,,,,
episode,46450,1107,127,2,self,,,7,46450,,,,,,,,
episode,46704,1108,254,1,self,,,7,46704,,,,,,,,
episode,47033,1109,329,3,self,,,7,47033,,,,,,,,
episode,47259,1110,226,1,self,,,7,47259,,,,,,,,
episode,47550,1111,291,6,self,,,7,47550,,,,,,,,
episode,47805,1112,255,1,self,,,7,47805,,,,,,,,
episode,47937,1113,132,1,self,,,7,47937,,,,,,,,
train,48000,1113,,,,1.97,0.022952697365544738,7,48000,,,,,,,,
episode,48102,1114,165,1,self,,,7,48102,,,,,,,,
episode,48419,1115,317,1,self,,,7,48419,,,,,,,,
episode,48708,1116,289,4,self,,,7,48708,,,,,,,,
episode,48999,1117,291,6,self,,,7,48999,,,,,,,,
episode,49311,1118,312,5,self,,,7,49311,,,,,,,,
episode,49578,1119,267,5,self,,,7,49578,,,,,,,,
episode,49968,1120,390,3,self,,,7,49968,,,,,,,,
train,50000,1120,,,,2.11,0.018950184606947005,7,50000,,,,,,,,
eval,50000,1120,,,,,,7,,1.649999976158142,2.0,4,-28.625247955322266,20,0,0,1.850000023841858
episode,50364,1121,396,1,self,,,7,50364,,,,,,,,
episode,50818,1122,454,2,self,,,7,50818,,,,,,,,
episode,51161,1123,343,5,self,,,7,51161,,,,,,,,
episode,51569,1124,408,7,self,,,7,51569,,,,,,,,
episode,51912,1125,343,7,self,,,7,51912,,,,,,,,
train,52000,1125,,,,2.26,0.017813609936274587,7,52000,,,,,,,,
episode,52186,1126,274,4,self,,,7,52186,,,,,,,,
episode,52418,1127,232,2,self,,,7,52418,,,,,,,,
episode,52836,1128,418,3,self,,,7,52836,,,,,,,,
episode,53081,1129,245,1,self,,,7,53081,,,,,,,,
episode,53506,1130,425,2,self,,,7,53506,,,,,,,,
episode,53971,1131,465,2,self,,,7,53971,,,,,,,,
train,54000,1131,,,,2.22,0.017789530977606775,7,54000,,,,,,,,
episode,54395,1132,424,1,self,,,7,54395,,,,,,,,
episode,54828,1133,433,2,self,,,7,54828,,,,,,,,
episode,55239,1134,411,1,wall,,,7,55239,,,,,,,,
episode,55732,1135,493,3,self,,,7,55732,,,,,,,,
train,56000,1135,,,,2.27,0.016099137105047703,7,56000,,,,,,,,
episode,56178,1136,446,1,self,,,7,56178,,,,,,,,
episode,56653,1137,475,2,self,,,7,56653,,,,,,,,
episode,56928,1138,275,4,self,,,7,56928,,,,,,,,
episode,57244,1139,316,1,self,,,7,57244,,,,,,,,
episode,57714,1140,470,1,self,,,7,57714,,,,,,,,
train,58000,1140,,,,2.23,0.01531293689738959,7,58000,,,,,,,,
episode,58168,1141,454,3,self,,,7,58168,,,,,,,,
episode,58510,1142,342,1,self,,,7,58510,,,,,,,,
episode,58987,1143,477,2,self,,,7,58987,,,,,,,,
episode,59434,1144,447,8,self,,,8,59434,,,,,,,,
episode,59909,1145,475,0,self,,,8,59909,,,,,,,,
train,60000,1145,,,,2.34,0.015637553157284857,8,60000,,,,,,,,
eval,60000,1145,,,,,,8,,2.6500000953674316,2.5,7,-70.28205108642578,18,2,0,2.6500000953674316
episode,60237,1146,328,8,wall,,,8,60237,,,,,,,,
episode,60689,1147,452,1,self,,,8,60689,,,,,,,,
episode,61005,1148,316,3,self,,,8,61005,,,,,,,,
episode,61081,1149,76,1,self,,,8,61081,,,,,,,,
episode,61456,1150,375,3,self,,,8,61456,,,,,,,,
episode,61650,1151,194,2,self,,,8,61650,,,,,,,,
episode,61839,1152,189,1,self,,,8,61839,,,,,,,,
train,62000,1152,,,,2.45,0.015348002961836756,8,62000,,,,,,,,
episode,62314,1153,475,5,self,,,8,62314,,,,,,,,
episode,62871,1154,557,3,self,,,8,62871,,,,,,,,
episode,63356,1155,485,3,self,,,8,63356,,,,,,,,
episode,63833,1156,477,4,self,,,8,63833,,,,,,,,
train,64000,1156,,,,2.52,0.01476843304000795,8,64000,,,,,,,,
episode,64201,1157,368,2,self,,,8,64201,,,,,,,,
episode,64304,1158,103,1,self,,,8,64304,,,,,,,,
episode,64533,1159,229,0,self,,,8,64533,,,,,,,,
episode,65070,1160,537,2,self,,,8,65070,,,,,,,,
episode,65545,1161,475,1,self,,,8,65545,,,,,,,,
train,66000,1161,,,,2.45,0.01532341872807592,8,66000,,,,,,,,
episode,66054,1162,509,2,self,,,8,66054,,,,,,,,
episode,66631,1163,577,2,wall,,,8,66631,,,,,,,,
episode,66966,1164,335,1,self,,,8,66966,,,,,,,,
episode,67414,1165,448,1,self,,,8,67414,,,,,,,,
episode,67744,1166,330,1,self,,,8,67744,,,,,,,,
train,68000,1166,,,,2.44,0.015875205085612833,8,68000,,,,,,,,
episode,68172,1167,428,1,self,,,8,68172,,,,,,,,
episode,68639,1168,467,4,self,,,8,68639,,,,,,,,
episode,69046,1169,407,3,self,,,8,69046,,,,,,,,
episode,69226,1170,180,0,self,,,8,69226,,,,,,,,
episode,69379,1171,153,1,self,,,8,69379,,,,,,,,
episode,69922,1172,543,14,self,,,14,69922,,,,,,,,
train,70000,1172,,,,2.48,0.01508832375984639,14,70000,,,,,,,,
eval,70000,1172,,,,,,14,,2.200000047683716,2.0,6,-80.66348266601562,20,0,0,2.6500000953674316
episode,70047,1173,125,0,self,,,14,70047,,,,,,,,
episode,70230,1174,183,3,self,,,14,70230,,,,,,,,
episode,70385,1175,155,1,self,,,14,70385,,,,,,,,
episode,70893,1176,508,4,self,,,14,70893,,,,,,,,
episode,71459,1177,566,0,self,,,14,71459,,,,,,,,
episode,71838,1178,379,6,self,,,14,71838,,,,,,,,
train,72000,1178,,,,2.47,0.01548752946779132,14,72000,,,,,,,,
episode,72256,1179,418,10,self,,,14,72256,,,,,,,,
episode,72793,1180,537,5,self,,,14,72793,,,,,,,,
episode,73321,1181,528,4,self,,,14,73321,,,,,,,,
episode,73880,1182,559,2,self,,,14,73880,,,,,,,,
train,74000,1182,,,,2.6,0.013644905714318156,14,74000,,,,,,,,
episode,74358,1183,478,2,self,,,14,74358,,,,,,,,
episode,74584,1184,226,3,wall,,,14,74584,,,,,,,,
episode,74945,1185,361,2,self,,,14,74945,,,,,,,,
episode,75330,1186,385,5,self,,,14,75330,,,,,,,,
episode,75779,1187,449,6,self,,,14,75779,,,,,,,,
train,76000,1187,,,,2.71,0.014311703145503998,14,76000,,,,,,,,
episode,76326,1188,547,4,self,,,14,76326,,,,,,,,
episode,76530,1189,204,4,self,,,14,76530,,,,,,,,
episode,76987,1190,457,1,self,,,14,76987,,,,,,,,
episode,77334,1191,347,3,self,,,14,77334,,,,,,,,
episode,77893,1192,559,6,self,,,14,77893,,,,,,,,
train,78000,1192,,,,2.79,0.01241378566250205,14,78000,,,,,,,,
episode,78319,1193,426,6,wall,,,14,78319,,,,,,,,
episode,78815,1194,496,5,self,,,14,78815,,,,,,,,
episode,79040,1195,225,3,self,,,14,79040,,,,,,,,
episode,79644,1196,604,3,wall,,,14,79644,,,,,,,,
episode,79975,1197,331,3,self,,,14,79975,,,,,,,,
train,80000,1197,,,,2.9,0.013501453776843846,14,80000,,,,,,,,
eval,80000,1197,,,,,,14,,3.3499999046325684,3.0,11,-39.42797088623047,17,3,0,3.3499999046325684
episode,80411,1198,436,5,self,,,14,80411,,,,,,,,
episode,80678,1199,267,3,self,,,14,80678,,,,,,,,
episode,81327,1200,649,5,self,,,14,81327,,,,,,,,
episode,81527,1201,200,3,self,,,14,81527,,,,,,,,
episode,81920,1202,393,0,self,,,14,81920,,,,,,,,
train,82000,1202,,,,2.91,0.013356930147856473,14,82000,,,,,,,,
episode,82155,1203,235,2,self,,,14,82155,,,,,,,,
episode,82436,1204,281,1,self,,,14,82436,,,,,,,,
episode,82743,1205,307,4,self,,,14,82743,,,,,,,,
episode,83066,1206,323,0,self,,,14,83066,,,,,,,,
episode,83511,1207,445,5,self,,,14,83511,,,,,,,,
episode,83985,1208,474,6,self,,,14,83985,,,,,,,,
train,84000,1208,,,,2.98,0.01404085137648508,14,84000,,,,,,,,
episode,84261,1209,276,3,wall,,,14,84261,,,,,,,,
episode,84365,1210,104,1,self,,,14,84365,,,,,,,,
episode,84652,1211,287,1,self,,,14,84652,,,,,,,,
episode,85185,1212,533,5,self,,,14,85185,,,,,,,,
episode,85263,1213,78,0,self,,,14,85263,,,,,,,,
episode,85442,1214,179,2,self,,,14,85442,,,,,,,,
episode,85794,1215,352,1,self,,,14,85794,,,,,,,,
episode,85970,1216,176,3,self,,,14,85970,,,,,,,,
train,86000,1216,,,,2.96,0.014426717180758714,14,86000,,,,,,,,
episode,86142,1217,172,6,self,,,14,86142,,,,,,,,
episode,86293,1218,151,2,self,,,14,86293,,,,,,,,
episode,86983,1219,690,4,self,,,14,86983,,,,,,,,
episode,87452,1220,469,2,self,,,14,87452,,,,,,,,
episode,87889,1221,437,3,self,,,14,87889,,,,,,,,
train,88000,1221,,,,2.93,0.0133454677532427,14,88000,,,,,,,,
episode,88264,1222,375,2,self,,,14,88264,,,,,,,,
episode,88718,1223,454,5,self,,,14,88718,,,,,,,,
episode,88879,1224,161,2,self,,,14,88879,,,,,,,,
episode,89117,1225,238,5,self,,,14,89117,,,,,,,,
episode,89586,1226,469,3,self,,,14,89586,,,,,,,,
episode,89968,1227,382,5,self,,,14,89968,,,,,,,,
train,90000,1227,,,,2.88,0.012554757890757173,14,90000,,,,,,,,
eval,90000,1227,,,,,,14,,3.4000000953674316,3.0,9,-64.78387451171875,17,2,1,3.4000000953674316
episode,90503,1228,535,2,wall,,,14,90503,,,,,,,,
episode,90677,1229,174,2,self,,,14,90677,,,,,,,,
episode,91269,1230,592,6,self,,,14,91269,,,,,,,,
episode,91748,1231,479,8,wall,,,14,91748,,,,,,,,
episode,91973,1232,225,0,self,,,14,91973,,,,,,,,
train,92000,1232,,,,2.97,0.013630831395275891,14,92000,,,,,,,,
episode,92430,1233,457,5,self,,,14,92430,,,,,,,,
episode,92720,1234,290,2,self,,,14,92720,,,,,,,,
episode,92954,1235,234,1,self,,,14,92954,,,,,,,,
episode,93672,1236,718,5,wall,,,14,93672,,,,,,,,
train,94000,1236,,,,3.03,0.011701446862425656,14,94000,,,,,,,,
episode,94225,1237,553,3,self,,,14,94225,,,,,,,,
episode,94506,1238,281,2,self,,,14,94506,,,,,,,,
episode,94988,1239,482,5,self,,,14,94988,,,,,,,,
episode,95312,1240,324,3,self,,,14,95312,,,,,,,,
episode,95598,1241,286,0,self,,,14,95598,,,,,,,,
train,96000,1241,,,,3.05,0.012780016637407243,14,96000,,,,,,,,
episode,96003,1242,405,2,self,,,14,96003,,,,,,,,
episode,96547,1243,544,4,self,,,14,96547,,,,,,,,
episode,97122,1244,575,2,self,,,14,97122,,,,,,,,
episode,97549,1245,427,5,self,,,14,97549,,,,,,,,
episode,97872,1246,323,4,wall,,,14,97872,,,,,,,,
train,98000,1246,,,,3.03,0.012332572964951397,14,98000,,,,,,,,
episode,98122,1247,250,2,self,,,14,98122,,,,,,,,
episode,98637,1248,515,5,self,,,14,98637,,,,,,,,
episode,99010,1249,373,2,self,,,14,99010,,,,,,,,
episode,99406,1250,396,3,self,,,14,99406,,,,,,,,
episode,99863,1251,457,1,self,,,14,99863,,,,,,,,
train,100000,1251,,,,3.06,0.012242720504291356,14,100000,,,,,,,,
eval,100000,1251,,,,,,14,,2.549999952316284,2.0,9,-53.17981719970703,19,1,0,3.4000000953674316
episode,100265,1252,402,4,self,,,14,100000,,,,,,,,
episode,100461,1253,196,2,self,,,14,100000,,,,,,,,
episode,100826,1254,365,9,self,,,14,100000,,,,,,,,
episode,101202,1255,376,3,self,,,14,100000,,,,,,,,
episode,101296,1256,94,0,self,,,14,100000,,,,,,,,
episode,101618,1257,322,0,self,,,14,100000,,,,,,,,
train,102000,1257,,,,3.06,0.010350349217187613,14,100000,,,,,,,,
episode,102058,1258,440,5,self,,,14,100000,,,,,,,,
episode,102423,1259,365,3,self,,,14,100000,,,,,,,,
episode,102545,1260,122,1,self,,,14,100000,,,,,,,,
episode,103165,1261,620,3,wall,,,14,100000,,,,,,,,
episode,103461,1262,296,3,self,,,14,100000,,,,,,,,
episode,103874,1263,413,4,self,,,14,100000,,,,,,,,
train,104000,1263,,,,3.17,0.011722503970377147,14,100000,,,,,,,,
episode,104016,1264,142,2,self,,,14,100000,,,,,,,,
episode,104547,1265,531,8,wall,,,14,100000,,,,,,,,
episode,105085,1266,538,7,self,,,14,100000,,,,,,,,
episode,105526,1267,441,8,self,,,14,100000,,,,,,,,
train,106000,1267,,,,3.38,0.010555551557336002,14,100000,,,,,,,,
episode,106098,1268,572,3,self,,,14,100000,,,,,,,,
episode,106562,1269,464,6,self,,,14,100000,,,,,,,,
episode,107091,1270,529,6,self,,,14,100000,,,,,,,,
episode,107583,1271,492,5,self,,,14,100000,,,,,,,,
episode,107836,1272,253,3,self,,,14,100000,,,,,,,,
train,108000,1272,,,,3.39,0.010581522888387554,14,100000,,,,,,,,
episode,108407,1273,571,0,wall,,,14,100000,,,,,,,,
episode,108900,1274,493,5,self,,,14,100000,,,,,,,,
episode,109368,1275,468,7,self,,,14,100000,,,,,,,,
episode,109677,1276,309,1,self,,,14,100000,,,,,,,,
train,110000,1276,,,,3.44,0.01054444927489385,14,100000,,,,,,,,
eval,110000,1276,,,,,,14,,3.049999952316284,3.0,8,-33.57937240600586,20,0,0,3.4000000953674316
episode,110084,1277,407,7,self,,,14,100000,,,,,,,,
episode,110580,1278,496,5,self,,,14,100000,,,,,,,,
episode,111100,1279,520,3,self,,,14,100000,,,,,,,,
episode,111676,1280,576,2,self,,,14,100000,,,,,,,,
train,112000,1280,,,,3.4,0.012031372536439449,14,100000,,,,,,,,
episode,112311,1281,635,3,self,,,14,100000,,,,,,,,
episode,112868,1282,557,3,wall,,,14,100000,,,,,,,,
episode,113053,1283,185,2,self,,,14,100000,,,,,,,,
episode,113244,1284,191,1,self,,,14,100000,,,,,,,,
episode,113555,1285,311,3,self,,,14,100000,,,,,,,,
episode,113935,1286,380,3,self,,,14,100000,,,,,,,,
train,114000,1286,,,,3.37,0.00974751682486385,14,100000,,,,,,,,
episode,114415,1287,480,3,self,,,14,100000,,,,,,,,
episode,114580,1288,165,2,self,,,14,100000,,,,,,,,
episode,115017,1289,437,6,self,,,14,100000,,,,,,,,
episode,115101,1290,84,0,self,,,14,100000,,,,,,,,
episode,115593,1291,492,4,self,,,14,100000,,,,,,,,
train,116000,1291,,,,3.34,0.01028837432153523,14,100000,,,,,,,,
episode,116019,1292,426,3,wall,,,14,100000,,,,,,,,
episode,116861,1293,842,4,self,,,14,100000,,,,,,,,
episode,117427,1294,566,5,self,,,14,100000,,,,,,,,
episode,117616,1295,189,0,wall,,,14,100000,,,,,,,,
episode,117772,1296,156,2,wall,,,14,100000,,,,,,,,
train,118000,1296,,,,3.25,0.010457655633799731,14,100000,,,,,,,,
episode,118442,1297,670,4,self,,,14,100000,,,,,,,,
episode,118892,1298,450,5,self,,,14,100000,,,,,,,,
episode,119548,1299,656,6,self,,,14,100000,,,,,,,,
episode,119957,1300,409,5,self,,,14,100000,,,,,,,,
train,120000,1300,,,,3.29,0.009335564011707901,14,100000,,,,,,,,
eval,120000,1300,,,,,,14,,3.6500000953674316,3.0,8,-62.57862091064453,17,1,2,3.6500000953674316
episode,120090,1301,133,0,self,,,14,100000,,,,,,,,
episode,120790,1302,700,9,self,,,14,100000,,,,,,,,
episode,121119,1303,329,1,self,,,14,100000,,,,,,,,
episode,121685,1304,566,3,self,,,14,100000,,,,,,,,
train,122000,1304,,,,3.36,0.009351306337630377,14,100000,,,,,,,,
episode,122300,1305,615,2,self,,,14,100000,,,,,,,,
episode,122758,1306,458,1,wall,,,14,100000,,,,,,,,
episode,123014,1307,256,2,self,,,14,100000,,,,,,,,
episode,123208,1308,194,1,self,,,14,100000,,,,,,,,
episode,123366,1309,158,2,self,,,14,100000,,,,,,,,
episode,123881,1310,515,5,self,,,14,100000,,,,,,,,
train,124000,1310,,,,3.3,0.01011515001533553,14,100000,,,,,,,,
episode,124322,1311,441,6,self,,,14,100000,,,,,,,,
episode,125054,1312,732,4,self,,,14,100000,,,,,,,,
episode,125594,1313,540,12,self,,,14,100000,,,,,,,,
episode,125873,1314,279,6,self,,,14,100000,,,,,,,,
train,126000,1314,,,,3.5,0.008498610446695238,14,100000,,,,,,,,
episode,126538,1315,665,8,self,,,14,100000,,,,,,,,
episode,126725,1316,187,1,self,,,14,100000,,,,,,,,
episode,127057,1317,332,3,self,,,14,100000,,,,,,,,
episode,127356,1318,299,3,self,,,14,100000,,,,,,,,
episode,127436,1319,80,1,self,,,14,100000,,,,,,,,
train,128000,1319,,,,3.5,0.00926060472149402,14,100000,,,,,,,,
episode,128210,1320,774,2,self,,,14,100000,,,,,,,,
episode,128497,1321,287,2,self,,,14,100000,,,,,,,,
episode,129035,1322,538,7,self,,,14,100000,,,,,,,,
episode,129668,1323,633,3,self,,,14,100000,,,,,,,,
train,130000,1323,,,,3.52,0.00872159086400643,14,100000,,,,,,,,
eval,130000,1323,,,,,,14,,2.700000047683716,1.0,9,-104.8095474243164,14,2,4,3.6500000953674316
episode,130063,1324,395,1,self,,,14,100000,,,,,,,,
episode,130619,1325,556,5,wall,,,14,100000,,,,,,,,
episode,130848,1326,229,4,self,,,14,100000,,,,,,,,
episode,131335,1327,487,3,self,,,14,100000,,,,,,,,
episode,131632,1328,297,4,self,,,14,100000,,,,,,,,
train,132000,1328,,,,3.52,0.008110414810944348,14,100000,,,,,,,,
episode,132288,1329,656,11,self,,,14,100000,,,,,,,,
episode,132556,1330,268,2,self,,,14,100000,,,,,,,,
episode,133067,1331,511,5,wall,,,14,100000,,,,,,,,
episode,133252,1332,185,1,self,,,14,100000,,,,,,,,
episode,133380,1333,128,0,self,,,14,100000,,,,,,,,
episode,133769,1334,389,3,self,,,14,100000,,,,,,,,
train,134000,1334,,,,3.51,0.008340340193826705,14,100000,,,,,,,,
episode,134294,1335,525,5,self,,,14,100000,,,,,,,,
episode,134701,1336,407,3,self,,,14,100000,,,,,,,,
episode,135318,1337,617,4,self,,,14,100000,,,,,,,,
episode,135605,1338,287,5,self,,,14,100000,,,,,,,,
train,136000,1338,,,,3.57,0.008674898301251233,14,100000,,,,,,,,
episode,136042,1339,437,5,self,,,14,100000,,,,,,,,
episode,136370,1340,328,1,self,,,14,100000,,,,,,,,
episode,136800,1341,430,3,self,,,14,100000,,,,,,,,
episode,137378,1342,578,7,self,,,14,100000,,,,,,,,
train,138000,1342,,,,3.63,0.00853541636839509,14,100000,,,,,,,,
episode,138050,1343,672,9,self,,,14,100000,,,,,,,,
episode,138706,1344,656,8,self,,,14,100000,,,,,,,,
episode,139347,1345,641,12,self,,,14,100000,,,,,,,,
episode,139847,1346,500,4,self,,,14,100000,,,,,,,,
train,140000,1346,,,,3.81,0.007886448260396719,14,100000,,,,,,,,
eval,140000,1346,,,,,,14,,3.799999952316284,3.5,9,-77.6297836303711,13,5,2,3.799999952316284
episode,140264,1347,417,7,self,,,14,100000,,,,,,,,
episode,141246,1348,982,2,self,,,14,100000,,,,,,,,
train,142000,1348,,,,3.83,0.00784107270417735,14,100000,,,,,,,,
episode,142024,1349,778,9,self,,,14,100000,,,,,,,,
episode,142569,1350,545,3,self,,,14,100000,,,,,,,,
episode,143185,1351,616,7,self,,,14,100000,,,,,,,,
episode,143738,1352,553,6,wall,,,14,100000,,,,,,,,
train,144000,1352,,,,3.98,0.006905269151320681,14,100000,,,,,,,,
episode,144338,1353,600,6,wall,,,14,100000,,,,,,,,
episode,144568,1354,230,6,self,,,14,100000,,,,,,,,
episode,144857,1355,289,4,self,,,14,100000,,,,,,,,
episode,145427,1356,570,6,wall,,,14,100000,,,,,,,,
episode,145560,1357,133,1,self,,,14,100000,,,,,,,,
train,146000,1357,,,,4.07,0.007067199257435277,14,100000,,,,,,,,
episode,146438,1358,878,7,self,,,14,100000,,,,,,,,
episode,146840,1359,402,7,self,,,14,100000,,,,,,,,
episode,147144,1360,304,3,self,,,14,100000,,,,,,,,
episode,147513,1361,369,7,self,,,14,100000,,,,,,,,
episode,147864,1362,351,4,self,,,14,100000,,,,,,,,
train,148000,1362,,,,4.2,0.007011385653167963,14,100000,,,,,,,,
episode,148120,1363,256,0,self,,,14,100000,,,,,,,,
episode,148655,1364,535,2,wall,,,14,100000,,,,,,,,
episode,149518,1365,863,3,self,,,14,100000,,,,,,,,
episode,149702,1366,184,2,self,,,14,100000,,,,,,,,
episode,149709,1367,7,0,wall,,,14,100000,,,,,,,,
episode,149960,1368,251,2,self,,,14,100000,,,,,,,,
train,150000,1368,,,,3.97,0.006665329644456506,14,100000,,,,,,,,
eval,150000,1368,,,,,,14,,3.299999952316284,3.0,7,-108.73542785644531,10,5,5,3.799999952316284
episode,150458,1369,498,1,self,,,14,100000,,,,,,,,
episode,150623,1370,165,1,self,,,14,100000,,,,,,,,
episode,150915,1371,292,5,wall,,,14,100000,,,,,,,,
episode,151045,1372,130,1,self,,,14,100000,,,,,,,,
episode,151191,1373,146,2,self,,,14,100000,,,,,,,,
episode,151504,1374,313,4,self,,,14,100000,,,,,,,,
episode,151883,1375,379,9,self,,,14,100000,,,,,,,,
train,152000,1375,,,,3.88,0.0067859130568103864,14,100000,,,,,,,,
episode,152261,1376,378,0,self,,,14,100000,,,,,,,,
episode,152533,1377,272,2,self,,,14,100000,,,,,,,,
episode,152969,1378,436,5,self,,,14,100000,,,,,,,,
episode,153425,1379,456,4,self,,,14,100000,,,,,,,,
episode,153905,1380,480,8,self,,,14,100000,,,,,,,,
train,154000,1380,,,,3.89,0.006463263827608898,14,100000,,,,,,,,
episode,154049,1381,144,0,self,,,14,100000,,,,,,,,
episode,154592,1382,543,4,self,,,14,100000,,,,,,,,
episode,154653,1383,61,2,wall,,,14,100000,,,,,,,,
episode,154979,1384,326,6,self,,,14,100000,,,,,,,,
episode,155526,1385,547,7,self,,,14,100000,,,,,,,,
episode,155764,1386,238,0,self,,,14,100000,,,,,,,,
train,156000,1386,,,,3.93,0.007603656776482239,14,100000,,,,,,,,
episode,156225,1387,461,3,self,,,14,100000,,,,,,,,
episode,156401,1388,176,2,wall,,,14,100000,,,,,,,,
episode,156894,1389,493,10,self,,,14,100000,,,,,,,,
episode,157298,1390,404,4,self,,,14,100000,,,,,,,,
episode,157539,1391,241,5,self,,,14,100000,,,,,,,,
episode,157784,1392,245,0,wall,,,14,100000,,,,,,,,
train,158000,1392,,,,3.99,0.006105264823418111,14,100000,,,,,,,,
episode,158159,1393,375,6,wall,,,14,100000,,,,,,,,
episode,158290,1394,131,1,self,,,14,100000,,,,,,,,
episode,158481,1395,191,3,self,,,14,100000,,,,,,,,
episode,158793,1396,312,8,self,,,14,100000,,,,,,,,
episode,159273,1397,480,7,self,,,14,100000,,,,,,,,
episode,159504,1398,231,1,self,,,14,100000,,,,,,,,
episode,159706,1399,202,2,self,,,14,100000,,,,,,,,
train,160000,1399,,,,4.01,0.005797590665752068,14,100000,,,,,,,,
eval,160000,1399,,,,,,14,,3.200000047683716,3.0,8,-34.81238555908203,16,4,0,3.799999952316284
episode,160297,1400,591,7,wall,,,14,100000,,,,,,,,
episode,160883,1401,586,5,self,,,14,100000,,,,,,,,
episode,161200,1402,317,2,wall,,,14,100000,,,,,,,,
episode,161503,1403,303,5,self,,,14,100000,,,,,,,,
episode,161979,1404,476,7,self,,,14,100000,,,,,,,,
train,162000,1404,,,,4.09,0.006261066481238231,14,100000,,,,,,,,
episode,162567,1405,588,2,self,,,14,100000,,,,,,,,
episode,162759,1406,192,2,self,,,14,100000,,,,,,,,
episode,163148,1407,389,4,self,,,14,100000,,,,,,,,
episode,163274,1408,126,0,self,,,14,100000,,,,,,,,
episode,163359,1409,85,1,self,,,14,100000,,,,,,,,
episode,163444,1410,85,0,wall,,,14,100000,,,,,,,,
episode,163717,1411,273,6,self,,,14,100000,,,,,,,,
episode,163935,1412,218,5,self,,,14,100000,,,,,,,,
train,164000,1412,,,,4.06,0.0068671715434174985,14,100000,,,,,,,,
episode,164151,1413,216,6,self,,,14,100000,,,,,,,,
episode,164309,1414,158,1,wall,,,14,100000,,,,,,,,
episode,164419,1415,110,0,wall,,,14,100000,,,,,,,,
episode,164574,1416,155,5,self,,,14,100000,,,,,,,,
episode,164808,1417,234,3,self,,,14,100000,,,,,,,,
episode,164874,1418,66,0,wall,,,14,100000,,,,,,,,
episode,165095,1419,221,2,self,,,14,100000,,,,,,,,
episode,165502,1420,407,2,self,,,14,100000,,,,,,,,
episode,165980,1421,478,11,wall,,,14,100000,,,,,,,,
train,166000,1421,,,,3.98,0.0065408713859505955,14,100000,,,,,,,,
episode,166041,1422,61,1,wall,,,14,100000,,,,,,,,
episode,166497,1423,456,0,self,,,14,100000,,,,,,,,
episode,166844,1424,347,3,self,,,14,100000,,,,,,,,
episode,166919,1425,75,0,self,,,14,100000,,,,,,,,
episode,166997,1426,78,1,wall,,,14,100000,,,,,,,,
episode,167342,1427,345,3,self,,,14,100000,,,,,,,,
episode,167468,1428,126,3,self,,,14,100000,,,,,,,,
episode,167563,1429,95,2,self,,,14,100000,,,,,,,,
episode,167745,1430,182,4,self,,,14,100000,,,,,,,,
train,168000,1430,,,,3.75,0.007636158743407577,14,100000,,,,,,,,
episode,168009,1431,264,5,self,,,14,100000,,,,,,,,
episode,168274,1432,265,5,self,,,14,100000,,,,,,,,
episode,168812,1433,538,8,wall,,,14,100000,,,,,,,,
episode,169376,1434,564,4,self,,,14,100000,,,,,,,,
episode,169515,1435,139,1,wall,,,14,100000,,,,,,,,
episode,169697,1436,182,1,wall,,,14,100000,,,,,,,,
episode,169894,1437,197,4,self,,,14,100000,,,,,,,,
train,170000,1437,,,,3.82,0.007774748152587563,14,100000,,,,,,,,
eval,170000,1437,,,,,,14,,3.25,3.0,8,-28.246273040771484,14,6,0,3.799999952316284
episode,170067,1438,173,3,self,,,14,100000,,,,,,,,
episode,170348,1439,281,2,self,,,14,100000,,,,,,,,
episode,170576,1440,228,8,self,,,14,100000,,,,,,,,
episode,170813,1441,237,4,self,,,14,100000,,,,,,,,
episode,170999,1442,186,4,self,,,14,100000,,,,,,,,
episode,171249,1443,250,1,self,,,14,100000,,,,,,,,
episode,171511,1444,262,4,self,,,14,100000,,,,,,,,
episode,171836,1445,325,2,self,,,14,100000,,,,,,,,
train,172000,1445,,,,3.6,0.007727809855714441,14,100000,,,,,,,,
episode,172078,1446,242,6,self,,,14,100000,,,,,,,,
episode,172101,1447,23,0,wall,,,14,100000,,,,,,,,
episode,172252,1448,151,3,wall,,,14,100000,,,,,,,,
episode,172486,1449,234,0,wall,,,14,100000,,,,,,,,
episode,172562,1450,76,0,wall,,,14,100000,,,,,,,,
episode,172697,1451,135,4,self,,,14,100000,,,,,,,,
episode,173214,1452,517,6,self,,,14,100000,,,,,,,,
episode,173617,1453,403,0,self,,,14,100000,,,,,,,,
train,174000,1453,,,,3.35,0.0072932383348233995,14,100000,,,,,,,,
episode,174016,1454,399,5,self,,,14,100000,,,,,,,,
episode,174215,1455,199,4,wall,,,14,100000,,,,,,,,
episode,174410,1456,195,1,self,,,14,100000,,,,,,,,
episode,174522,1457,112,1,wall,,,14,100000,,,,,,,,
episode,174732,1458,210,0,self,,,14,100000,,,,,,,,
episode,174762,1459,30,2,wall,,,14,100000,,,,,,,,
episode,174821,1460,59,0,wall,,,14,100000,,,,,,,,
episode,175093,1461,272,5,wall,,,14,100000,,,,,,,,
episode,175514,1462,421,9,self,,,14,100000,,,,,,,,
episode,175812,1463,298,5,self,,,14,100000,,,,,,,,
train,176000,1463,,,,3.22,0.006450394631247036,14,100000,,,,,,,,
episode,176297,1464,485,9,self,,,14,100000,,,,,,,,
episode,176580,1465,283,4,self,,,14,100000,,,,,,,,
episode,176941,1466,361,6,self,,,14,100000,,,,,,,,
episode,177065,1467,124,3,self,,,14,100000,,,,,,,,
episode,177615,1468,550,7,self,,,14,100000,,,,,,,,
episode,177927,1469,312,5,self,,,14,100000,,,,,,,,
train,178000,1469,,,,3.46,0.007424059240147472,14,100000,,,,,,,,
episode,178086,1470,159,1,self,,,14,100000,,,,,,,,
episode,178444,1471,358,7,self,,,14,100000,,,,,,,,
episode,178771,1472,327,1,wall,,,14,100000,,,,,,,,
episode,178846,1473,75,0,self,,,14,100000,,,,,,,,
episode,178908,1474,62,0,wall,,,14,100000,,,,,,,,
episode,179036,1475,128,2,wall,,,14,100000,,,,,,,,
episode,179414,1476,378,12,self,,,14,100000,,,,,,,,
episode,179538,1477,124,1,wall,,,14,100000,,,,,,,,
episode,179656,1478,118,0,self,,,14,100000,,,,,,,,
train,180000,1478,,,,3.41,0.00809612712066155,14,100000,,,,,,,,
eval,180000,1478,,,,,,14,,2.549999952316284,2.0,8,-23.841064453125,15,5,0,3.799999952316284
episode,180125,1479,469,8,wall,,,14,100000,,,,,,,,
episode,180564,1480,439,7,self,,,14,100000,,,,,,,,
episode,180989,1481,425,6,self,,,14,100000,,,,,,,,
episode,181342,1482,353,1,self,,,14,100000,,,,,,,,
episode,181599,1483,257,4,self,,,14,100000,,,,,,,,
episode,181972,1484,373,8,self,,,14,100000,,,,,,,,
train,182000,1484,,,,3.51,0.007404804868856445,14,100000,,,,,,,,
episode,182528,1485,556,5,wall,,,14,100000,,,,,,,,
episode,182931,1486,403,11,self,,,14,100000,,,,,,,,
episode,183083,1487,152,1,self,,,14,100000,,,,,,,,
episode,183437,1488,354,7,self,,,14,100000,,,,,,,,
episode,183924,1489,487,6,self,,,14,100000,,,,,,,,
train,184000,1489,,,,3.59,0.0069496077141957355,14,100000,,,,,,,,
episode,184176,1490,252,3,wall,,,14,100000,,,,,,,,
episode,184292,1491,116,2,self,,,14,100000,,,,,,,,
episode,184447,1492,155,2,wall,,,14,100000,,,,,,,,
episode,184769,1493,322,2,self,,,14,100000,,,,,,,,
episode,184918,1494,149,1,self,,,14,100000,,,,,,,,
episode,185351,1495,433,1,self,,,14,100000,,,,,,,,
episode,185806,1496,455,6,self,,,14,100000,,,,,,,,
episode,185881,1497,75,1,self,,,14,100000,,,,,,,,
train,186000,1497,,,,3.43,0.007240645836573094,14,100000,,,,,,,,
episode,186144,1498,263,4,self,,,14,100000,,,,,,,,
episode,186197,1499,53,0,wall,,,14,100000,,,,,,,,
episode,186401,1500,204,1,self,,,14,100000,,,,,,,,
episode,186632,1501,231,3,self,,,14,100000,,,,,,,,
episode,187012,1502,380,4,self,,,14,100000,,,,,,,,
episode,187246,1503,234,4,self,,,14,100000,,,,,,,,
episode,187372,1504,126,1,wall,,,14,100000,,,,,,,,
episode,187757,1505,385,1,self,,,14,100000,,,,,,,,
train,188000,1505,,,,3.3,0.007203370039933361,14,100000,,,,,,,,
episode,188206,1506,449,3,self,,,14,100000,,,,,,,,
episode,188470,1507,264,2,self,,,14,100000,,,,,,,,
episode,188709,1508,239,3,self,,,14,100000,,,,,,,,
episode,189091,1509,382,6,wall,,,14,100000,,,,,,,,
episode,189312,1510,221,3,self,,,14,100000,,,,,,,,
episode,189724,1511,412,4,self,,,14,100000,,,,,,,,
episode,189829,1512,105,1,self,,,14,100000,,,,,,,,
train,190000,1512,,,,3.34,0.007206913500558585,14,100000,,,,,,,,
eval,190000,1512,,,,,,14,,2.8499999046325684,2.5,7,-38.043235778808594,18,2,0,3.799999952316284
episode,190233,1513,404,9,wall,,,14,100000,,,,,,,,
episode,190330,1514,97,1,self,,,14,100000,,,,,,,,
episode,190535,1515,205,1,self,,,14,100000,,,,,,,,
episode,190992,1516,457,4,self,,,14,100000,,,,,,,,
episode,191357,1517,365,5,self,,,14,100000,,,,,,,,
episode,191648,1518,291,3,self,,,14,100000,,,,,,,,
episode,191892,1519,244,1,self,,,14,100000,,,,,,,,
train,192000,1519,,,,3.41,0.006666606824146584,14,100000,,,,,,,,
episode,192511,1520,619,0,self,,,14,100000,,,,,,,,
episode,192903,1521,392,4,self,,,14,100000,,,,,,,,
episode,193213,1522,310,3,self,,,14,100000,,,,,,,,
episode,193558,1523,345,7,self,,,14,100000,,,,,,,,
episode,193811,1524,253,4,self,,,14,100000,,,,,,,,
train,194000,1524,,,,3.42,0.007495240474818274,14,100000,,,,,,,,
episode,194003,1525,192,1,self,,,14,100000,,,,,,,,
episode,194382,1526,379,4,wall,,,14,100000,,,,,,,,
episode,194439,1527,57,2,wall,,,14,100000,,,,,,,,
episode,194727,1528,288,7,self,,,14,100000,,,,,,,,
episode,194759,1529,32,0,wall,,,14,100000,,,,,,,,
episode,195057,1530,298,1,self,,,14,100000,,,,,,,,
episode,195392,1531,335,5,wall,,,14,100000,,,,,,,,
episode,195582,1532,190,1,self,,,14,100000,,,,,,,,
episode,195699,1533,117,2,self,,,14,100000,,,,,,,,
train,196000,1533,,,,3.34,0.007282907720655203,14,100000,,,,,,,,
episode,196059,1534,360,8,self,,,14,100000,,,,,,,,
episode,196329,1535,270,2,self,,,14,100000,,,,,,,,
episode,196848,1536,519,8,self,,,14,100000,,,,,,,,
episode,197095,1537,247,2,self,,,14,100000,,,,,,,,
episode,197362,1538,267,3,self,,,14,100000,,,,,,,,
episode,197373,1539,11,0,wall,,,14,100000,,,,,,,,
episode,197853,1540,480,1,self,,,14,100000,,,,,,,,
train,198000,1540,,,,3.35,0.006554516028845683,14,100000,,,,,,,,
episode,198065,1541,212,3,self,,,14,100000,,,,,,,,
episode,198512,1542,447,6,self,,,14,100000,,,,,,,,
episode,199006,1543,494,0,self,,,14,100000,,,,,,,,
episode,199351,1544,345,3,self,,,14,100000,,,,,,,,
episode,199890,1545,539,3,self,,,14,100000,,,,,,,,
train,200000,1545,,,,3.35,0.00610152944456786,14,100000,,,,,,,,
eval,200000,1545,,,,,,14,,2.9000000953674316,3.0,10,-25.551578521728516,16,4,0,3.799999952316284
episode,200129,1546,239,4,self,,,14,100000,,,,,,,,
episode,200432,1547,303,1,self,,,14,100000,,,,,,,,
episode,200588,1548,156,4,wall,,,14,100000,,,,,,,,
episode,200812,1549,224,1,self,,,14,100000,,,,,,,,
episode,200984,1550,172,0,wall,,,14,100000,,,,,,,,
episode,201405,1551,421,4,self,,,14,100000,,,,,,,,
episode,201944,1552,539,3,wall,,,14,100000,,,,,,,,
train,202000,1552,,,,3.33,0.006469259089790284,14,100000,,,,,,,,
episode,202080,1553,136,3,self,,,14,100000,,,,,,,,
episode,202570,1554,490,5,self,,,14,100000,,,,,,,,
episode,202648,1555,78,1,self,,,14,100000,,,,,,,,
episode,202744,1556,96,1,self,,,14,100000,,,,,,,,
episode,203019,1557,275,4,self,,,14,100000,,,,,,,,
episode,203336,1558,317,2,self,,,14,100000,,,,,,,,
episode,203534,1559,198,1,self,,,14,100000,,,,,,,,
episode,203880,1560,346,3,self,,,14,100000,,,,,,,,
train,204000,1560,,,,3.4,0.005918406805722043,14,100000,,,,,,,,
episode,204070,1561,190,2,self,,,14,100000,,,,,,,,
episode,204322,1562,252,6,wall,,,14,100000,,,,,,,,
episode,204622,1563,300,5,self,,,14,100000,,,,,,,,
episode,204816,1564,194,4,wall,,,14,100000,,,,,,,,
episode,205056,1565,240,2,self,,,14,100000,,,,,,,,
episode,205389,1566,333,4,self,,,14,100000,,,,,,,,
episode,205673,1567,284,4,self,,,14,100000,,,,,,,,
episode,205927,1568,254,3,wall,,,14,100000,,,,,,,,
train,206000,1568,,,,3.22,0.006871350693400018,14,100000,,,,,,,,
episode,206355,1569,428,2,wall,,,14,100000,,,,,,,,
episode,206591,1570,236,3,self,,,14,100000,,,,,,,,
episode,206618,1571,27,1,wall,,,14,100000,,,,,,,,
episode,207168,1572,550,3,self,,,14,100000,,,,,,,,
episode,207385,1573,217,2,wall,,,14,100000,,,,,,,,
episode,207748,1574,363,5,wall,,,14,100000,,,,,,,,
episode,207834,1575,86,0,self,,,14,100000,,,,,,,,
train,208000,1575,,,,3.22,0.006336484982166439,14,100000,,,,,,,,
episode,208216,1576,382,2,self,,,14,100000,,,,,,,,
episode,208565,1577,349,4,self,,,14,100000,,,,,,,,
episode,209016,1578,451,2,self,,,14,100000,,,,,,,,
episode,209184,1579,168,4,self,,,14,100000,,,,,,,,
episode,209246,1580,62,0,wall,,,14,100000,,,,,,,,
episode,209550,1581,304,5,self,,,14,100000,,,,,,,,
episode,209789,1582,239,2,self,,,14,100000,,,,,,,,
train,210000,1582,,,,3.06,0.006614092274103314,14,100000,,,,,,,,
eval,210000,1582,,,,,,14,,3.4000000953674316,2.5,7,-29.24850082397461,19,1,0,3.799999952316284
episode,210132,1583,343,3,self,,,14,100000,,,,,,,,
episode,210529,1584,397,6,self,,,14,100000,,,,,,,,
episode,210755,1585,226,1,wall,,,14,100000,,,,,,,,
episode,211180,1586,425,9,self,,,14,100000,,,,,,,,
episode,211409,1587,229,2,self,,,14,100000,,,,,,,,
episode,211534,1588,125,0,self,,,14,100000,,,,,,,,
episode,211614,1589,80,2,self,,,14,100000,,,,,,,,
train,212000,1589,,,,2.87,0.006954550661612302,14,100000,,,,,,,,
episode,212165,1590,551,3,self,,,14,100000,,,,,,,,
episode,212267,1591,102,0,self,,,14,100000,,,,,,,,
episode,212736,1592,469,9,wall,,,14,100000,,,,,,,,
episode,213099,1593,363,3,self,,,14,100000,,,,,,,,
episode,213566,1594,467,4,self,,,14,100000,,,,,,,,
episode,213852,1595,286,4,self,,,14,100000,,,,,,,,
train,214000,1595,,,,2.99,0.006576946142595261,14,100000,,,,,,,,
episode,214209,1596,357,0,self,,,14,100000,,,,,,,,
episode,214517,1597,308,2,self,,,14,100000,,,,,,,,
episode,215050,1598,533,6,self,,,14,100000,,,,,,,,
episode,215132,1599,82,1,wall,,,14,100000,,,,,,,,
episode,215376,1600,244,4,self,,,14,100000,,,,,,,,
episode,215741,1601,365,2,self,,,14,100000,,,,,,,,
train,216000,1601,,,,2.99,0.0061203668056987225,14,100000,,,,,,,,
episode,216183,1602,442,10,self,,,14,100000,,,,,,,,
episode,216594,1603,411,3,self,,,14,100000,,,,,,,,
episode,217102,1604,508,5,self,,,14,100000,,,,,,,,
episode,217228,1605,126,1,self,,,14,100000,,,,,,,,
episode,217791,1606,563,11,self,,,14,100000,,,,,,,,
episode,217921,1607,130,1,self,,,14,100000,,,,,,,,
train,218000,1607,,,,3.15,0.005696679217508062,14,100000,,,,,,,,
episode,218259,1608,338,8,self,,,14,100000,,,,,,,,
episode,218388,1609,129,2,self,,,14,100000,,,,,,,,
episode,218936,1610,548,7,wall,,,14,100000,,,,,,,,
episode,219190,1611,254,3,self,,,14,100000,,,,,,,,
episode,219771,1612,581,7,wall,,,14,100000,,,,,,,,
episode,219908,1613,137,3,self,,,14,100000,,,,,,,,
train,220000,1613,,,,3.19,0.0062034375284565615,14,100000,,,,,,,,
eval,220000,1613,,,,,,14,,3.299999952316284,3.0,10,-33.81947708129883,17,3,0,3.799999952316284
episode,220129,1614,221,1,self,,,14,100000,,,,,,,,
episode,220149,1615,20,1,wall,,,14,100000,,,,,,,,
episode,220289,1616,140,1,wall,,,14,100000,,,,,,,,
episode,220553,1617,264,1,self,,,14,100000,,,,,,,,
episode,220655,1618,102,1,wall,,,14,100000,,,,,,,,
episode,221173,1619,518,6,self,,,14,100000,,,,,,,,
episode,221178,1620,5,0,wall,,,14,100000,,,,,,,,
episode,221253,1621,75,0,self,,,14,100000,,,,,,,,
episode,221433,1622,180,2,self,,,14,100000,,,,,,,,
episode,221668,1623,235,1,self,,,14,100000,,,,,,,,
episode,221888,1624,220,3,self,,,14,100000,,,,,,,,
train,222000,1624,,,,3.03,0.006235148786799982,14,100000,,,,,,,,
episode,222258,1625,370,1,self,,,14,100000,,,,,,,,
episode,222633,1626,375,6,self,,,14,100000,,,,,,,,
episode,222918,1627,285,1,self,,,14,100000,,,,,,,,
episode,223183,1628,265,1,self,,,14,100000,,,,,,,,
episode,223605,1629,422,3,self,,,14,100000,,,,,,,,
episode,223829,1630,224,1,self,,,14,100000,,,,,,,,
train,224000,1630,,,,3.01,0.006000370424007997,14,100000,,,,,,,,
episode,224225,1631,396,2,self,,,14,100000,,,,,,,,
episode,224440,1632,215,3,self,,,14,100000,,,,,,,,
episode,224586,1633,146,1,wall,,,14,100000,,,,,,,,
episode,224962,1634,376,6,self,,,14,100000,,,,,,,,
episode,225365,1635,403,5,self,,,14,100000,,,,,,,,
episode,225811,1636,446,11,wall,,,14,100000,,,,,,,,
train,226000,1636,,,,3.03,0.00573794256139081,14,100000,,,,,,,,
episode,226061,1637,250,0,self,,,14,100000,,,,,,,,
episode,226336,1638,275,4,self,,,14,100000,,,,,,,,
episode,226946,1639,610,0,self,,,14,100000,,,,,,,,
episode,227648,1640,702,0,self,,,14,100000,,,,,,,,
train,228000,1640,,,,3.01,0.005506394900148735,14,100000,,,,,,,,
episode,228001,1641,353,2,self,,,14,100000,,,,,,,,
episode,228235,1642,234,3,self,,,14,100000,,,,,,,,
episode,228524,1643,289,0,self,,,14,100000,,,,,,,,
episode,229192,1644,668,7,self,,,14,100000,,,,,,,,
episode,229444,1645,252,6,wall,,,14,100000,,,,,,,,
episode,229573,1646,129,2,self,,,14,100000,,,,,,,,
episode,229636,1647,63,0,wall,,,14,100000,,,,,,,,
episode,229772,1648,136,1,self,,,14,100000,,,,,,,,
train,230000,1648,,,,2.98,0.005483883790438995,14,100000,,,,,,,,
eval,230000,1648,,,,,,14,,3.049999952316284,2.0,10,-37.94007873535156,14,6,0,3.799999952316284
episode,230051,1649,279,4,wall,,,14,100000,,,,,,,,
episode,230265,1650,214,8,self,,,14,100000,,,,,,,,
episode,230404,1651,139,1,self,,,14,100000,,,,,,,,
episode,230571,1652,167,8,wall,,,14,100000,,,,,,,,
episode,230672,1653,101,0,self,,,14,100000,,,,,,,,
episode,230747,1654,75,1,self,,,14,100000,,,,,,,,
episode,230933,1655,186,2,self,,,14,100000,,,,,,,,
episode,231265,1656,332,6,wall,,,14,100000,,,,,,,,
episode,231360,1657,95,0,wall,,,14,100000,,,,,,,,
episode,231849,1658,489,3,self,,,14,100000,,,,,,,,
train,232000,1658,,,,3.07,0.005348892805341165,14,100000,,,,,,,,
episode,232037,1659,188,0,self,,,14,100000,,,,,,,,
episode,232236,1660,199,2,self,,,14,100000,,,,,,,,
episode,232504,1661,268,1,self,,,14,100000,,,,,,,,
episode,232887,1662,383,9,self,,,14,100000,,,,,,,,
episode,233300,1663,413,14,self,,,14,100000,,,,,,,,
episode,233500,1664,200,2,self,,,14,100000,,,,,,,,
episode,233768,1665,268,4,self,,,14,100000,,,,,,,,
train,234000,1665,,,,3.16,0.005413092010421679,14,100000,,,,,,,,
episode,234069,1666,301,7,self,,,14,100000,,,,,,,,
episode,234222,1667,153,2,self,,,14,100000,,,,,,,,
episode,234541,1668,319,0,self,,,14,100000,,,,,,,,
episode,234666,1669,125,3,self,,,14,100000,,,,,,,,
episode,234807,1670,141,1,self,,,14,100000,,,,,,,,
episode,235037,1671,230,2,wall,,,14,100000,,,,,,,,
episode,235103,1672,66,0,wall,,,14,100000,,,,,,,,
episode,235419,1673,316,2,self,,,14,100000,,,,,,,,
episode,235871,1674,452,7,self,,,14,100000,,,,,,,,
train,236000,1674,,,,3.13,0.005901605834951624,14,100000,,,,,,,,
episode,236398,1675,527,5,self,,,14,100000,,,,,,,,
episode,236534,1676,136,5,self,,,14,100000,,,,,,,,
episode,236767,1677,233,1,self,,,14,100000,,,,,,,,
episode,237272,1678,505,5,wall,,,14,100000,,,,,,,,
episode,237342,1679,70,1,wall,,,14,100000,,,,,,,,
train,238000,1679,,,,3.18,0.006363348597660661,14,100000,,,,,,,,
episode,238156,1680,814,3,self,,,14,100000,,,,,,,,
episode,238662,1681,506,7,self,,,14,100000,,,,,,,,
episode,238867,1682,205,1,wall,,,14,100000,,,,,,,,
episode,239353,1683,486,4,self,,,14,100000,,,,,,,,
episode,239670,1684,317,1,wall,,,14,100000,,,,,,,,
train,240000,1684,,,,3.18,0.005921760858036577,14,100000,,,,,,,,
eval,240000,1684,,,,,,14,,4.900000095367432,4.5,10,-33.84752655029297,20,0,0,4.900000095367432
episode,240081,1685,411,12,self,,,14,100000,,,,,,,,
episode,240422,1686,341,2,self,,,14,100000,,,,,,,,
episode,240766,1687,344,3,self,,,14,100000,,,,,,,,
episode,240784,1688,18,0,wall,,,14,100000,,,,,,,,
episode,241256,1689,472,3,self,,,14,100000,,,,,,,,
episode,241595,1690,339,6,self,,,14,100000,,,,,,,,
train,242000,1690,,,,3.27,0.005546458372846246,14,100000,,,,,,,,
episode,242254,1691,659,5,self,,,14,100000,,,,,,,,
episode,242521,1692,267,1,self,,,14,100000,,,,,,,,
episode,242894,1693,373,1,self,,,14,100000,,,,,,,,
episode,243508,1694,614,13,self,,,14,100000,,,,,,,,
episode,243633,1695,125,0,self,,,14,100000,,,,,,,,
episode,243942,1696,309,3,self,,,14,100000,,,,,,,,
train,244000,1696,,,,3.3,0.005620914631290361,14,100000,,,,,,,,
episode,244497,1697,555,5,self,,,14,100000,,,,,,,,
episode,245104,1698,607,2,self,,,14,100000,,,,,,,,
episode,245206,1699,102,2,wall,,,14,100000,,,,,,,,
episode,245564,1700,358,6,self,,,14,100000,,,,,,,,
episode,245938,1701,374,4,self,,,14,100000,,,,,,,,
train,246000,1701,,,,3.34,0.005844262716127559,14,100000,,,,,,,,
episode,246017,1702,79,3,self,,,14,100000,,,,,,,,
episode,246261,1703,244,1,self,,,14,100000,,,,,,,,
episode,246901,1704,640,7,self,,,14,100000,,,,,,,,
episode,247219,1705,318,1,self,,,14,100000,,,,,,,,
episode,247734,1706,515,7,wall,,,14,100000,,,,,,,,
episode,247932,1707,198,1,self,,,14,100000,,,,,,,,
train,248000,1707,,,,3.23,0.00632141052512452,14,100000,,,,,,,,
episode,248116,1708,184,0,self,,,14,100000,,,,,,,,
episode,248635,1709,519,4,wall,,,14,100000,,,,,,,,
episode,249347,1710,712,7,wall,,,14,100000,,,,,,,,
episode,249613,1711,266,1,self,,,14,100000,,,,,,,,
episode,249814,1712,201,3,self,,,14,100000,,,,,,,,
train,250000,1712,,,,3.11,0.005854208775563165,14,100000,,,,,,,,
eval,250000,1712,,,,,,14,,4.800000190734863,4.0,11,-29.134281158447266,19,1,0,4.900000095367432
